Title,AliExpress URL
The Couture Pearl Necklace Jewelry Diamond,https://www.aliexpress.us/item/3256809077974270.html
The Couture Collar Nameplate Collars for,https://www.aliexpress.us/item/3256801719586781.html
The Couture Floral Vest Clothing Fleece,https://www.aliexpress.us/item/3256810149072087.html
The Couture Collar Customized Collars Accessory,https://www.aliexpress.us/item/3256802921675172.html
The Couture Leather Punk French Bulldog,https://www.aliexpress.us/item/3256810473279519.html
The Couture Rose Red Velvet Collar,https://www.aliexpress.us/item/3256804772097134.html
The Couture Winter Clothes For Designer,https://www.aliexpress.us/item/3256804645383396.html
The Couture New Four Seasons The,https://www.aliexpress.us/item/3256810363490313.html
The Couture BORN PRETTY Bridal Lace,https://www.aliexpress.us/item/3256806952324669.html
The Couture Drink Stirrers Wedding Drink,https://www.aliexpress.us/item/3256805780733156.html
The Estate Crown Bling Bed for,https://www.aliexpress.us/item/3256812025196002.html
The Estate Winter Big Bed Warm,https://www.aliexpress.us/item/3256805406832053.html
The Estate 2025 New Vacuum Compression,https://www.aliexpress.us/item/3256809297065425.html
The Estate Bed Square Beds Long,https://www.aliexpress.us/item/3256807040993559.html
The Estate Original Bed Sofa Bed,https://www.aliexpress.us/item/3256808287469838.html
The Estate Extra-large Plush Bed/sofa/cat Bed/dog,https://www.aliexpress.us/item/3256810378251913.html
The Estate Grooming Comb Shedding Hair,https://www.aliexpress.us/item/3256807449087595.html
The Estate Anti Leaking Non-Slip Bed,https://www.aliexpress.us/item/3256806951775610.html
"The Estate Super absorbent floor mat,",https://www.aliexpress.us/item/3256805549905580.html
The Estate Bone Leather Durable Collars,https://www.aliexpress.us/item/3256803032806538.html
The Estate Bed Washable Kennel four,https://www.aliexpress.us/item/3256805814908702.html
The Voyager 10/30/50pcs Holiday Party Gift,https://www.aliexpress.us/item/3256806890370062.html
The Voyager Carrier Bags Hidden British,https://www.aliexpress.us/item/3256810363611636.html
"The Voyager Breathable Carrying Backpack, and",https://www.aliexpress.us/item/3256805869699722.html
The Voyager Cute Design Leather Bag,https://www.aliexpress.us/item/3256808302645334.html
The Voyager Pull Rod Bag for,https://www.aliexpress.us/item/3256809382520600.html
"The Voyager Carrier Backpack, Breathable Mesh",https://www.aliexpress.us/item/3256811933807866.html
The Voyager Premium Leather Carrier Bag,https://www.aliexpress.us/item/3256806087040996.html
The Voyager New Transparent Bag for,https://www.aliexpress.us/item/3256812008063317.html
The Voyager Shoulder Bag Carrier Outdoor,https://www.aliexpress.us/item/3256807062390478.html
The Voyager Capacity Breathable Mesh Portable,https://www.aliexpress.us/item/3256811827731740.html
The Voyager Trolley Bag Case Carrier,https://www.aliexpress.us/item/3256805854968529.html
The Voyager Foldable Carrier Bag for,https://www.aliexpress.us/item/3256810497890737.html
The Imperial High Quality Trendy Agate,https://www.aliexpress.us/item/3256812081289314.html
The Imperial New Arrival Trendy Natural,https://www.aliexpress.us/item/3256807395918324.html
The Imperial Original 2026 New Trend,https://www.aliexpress.us/item/3256811686041834.html
The Imperial 925 Sterling Silver Girl,https://www.aliexpress.us/item/3256809392518306.html
The Imperial Original 925 Sterling Silver,https://www.aliexpress.us/item/3256811814370791.html
The Imperial 2025 New Hot Selling,https://www.aliexpress.us/item/3256809959892520.html
The Imperial 2025 high quality jewelry,https://www.aliexpress.us/item/3256809950043807.html
The Imperial Gorgeous Crystal Jewelry Sets,https://www.aliexpress.us/item/3256804694021606.html
The Imperial Z14463 6Row 42'' 30mm,https://www.aliexpress.us/item/3256811397894849.html
The Imperial [New Quality] Black Moissanite,https://www.aliexpress.us/item/3256807375142177.html
The Imperial UDDEIN African Beads Jewelry,https://www.aliexpress.us/item/3256805811061529.html
The Serenity New Com Daily Versatile,https://www.aliexpress.us/item/3256811773927610.html
The Serenity Round Bed Winter Warm,https://www.aliexpress.us/item/3256811986654805.html
The Serenity 40-90cm Sizes Round Bed,https://www.aliexpress.us/item/3256806229498796.html
The Serenity 40CM Nest Winter Thicken,https://www.aliexpress.us/item/3256810161106003.html
The Serenity Plush Mattress -Thickened Warm,https://www.aliexpress.us/item/3256810174982616.html
The Serenity and Beds New Plush,https://www.aliexpress.us/item/3256811764359722.html
The Serenity Thickened orthopedic dog bed,https://www.aliexpress.us/item/3256809343617420.html
The Serenity Black Bed Plush Sleeping,https://www.aliexpress.us/item/3256808396746265.html
The Serenity HOOPET Bed Four Seasons,https://www.aliexpress.us/item/3256811611047735.html
The Serenity Winter Thickened Washable Removable,https://www.aliexpress.us/item/3256809339079368.html
The Ritz 1pc Super Absorbent Bath,https://www.aliexpress.us/item/3256809902852618.html
The Ritz New Bathrobe Absorbent Quick,https://www.aliexpress.us/item/3256810099106052.html
The Ritz New Bathrobe Absorbent Quick,https://www.aliexpress.us/item/3256810165808445.html
The Ritz Cute Towel Soft Drying,https://www.aliexpress.us/item/2255800035707561.html
The Ritz Colors Towel Soft Drying,https://www.aliexpress.us/item/3256805263056817.html
The Ritz Bathrobe Towel Bath Robe,https://www.aliexpress.us/item/3256806674346193.html
The Ritz Quick-Dry Bathrobe for Dogs,https://www.aliexpress.us/item/3256810078759269.html
The Ritz Soft Bath Towel Quick-Drying,https://www.aliexpress.us/item/3256812005158663.html
The Ritz Quick Drying Soft Bath,https://www.aliexpress.us/item/3256809786812583.html
The Ritz Grooming Clothing Waterproof Work,https://www.aliexpress.us/item/3256806793438986.html
The Ritz Bathrobe Super Absorbent Towel,https://www.aliexpress.us/item/3256809212051486.html
The Ritz Barber Shop Apron Hairdresser,https://www.aliexpress.us/item/3256806763270713.html
The Signature Collars Harness Big Vests,https://www.aliexpress.us/item/3256807329754758.html
The Signature 3pcs Set Dogs Kingdom,https://www.aliexpress.us/item/3256808664207539.html
The Signature Collar Leash Set Durable,https://www.aliexpress.us/item/3256807442086431.html
The Signature Real Leather Collar Leash,https://www.aliexpress.us/item/3256802296903670.html
The Signature Collar Leash Set Nylon,https://www.aliexpress.us/item/3256804090570567.html
The Signature Real Leather Wide Collar,https://www.aliexpress.us/item/3256809157880023.html
The Signature Benepaw Quality Genuine Leather,https://www.aliexpress.us/item/2255800061609627.html
The Signature Harp Spiked Studded Leather,https://www.aliexpress.us/item/3256804113619876.html
The Signature Leather Collar Soft Padded,https://www.aliexpress.us/item/3256808638260434.html
The Signature Soft Padded Collar Leash,https://www.aliexpress.us/item/3256807203925166.html
The Epicurean Stainless Steel Feeder Intelligent,https://www.aliexpress.us/item/3256809922322108.html
The Epicurean Double Bowls Stainless Steel,https://www.aliexpress.us/item/3256807980894207.html
The Epicurean Elevated Feeder Bowls Raised,https://www.aliexpress.us/item/3256811595122597.html
The Epicurean Drinking Tool Water Feeder,https://www.aliexpress.us/item/3256806982124324.html
The Epicurean Marbling Ceramics Bowl with,https://www.aliexpress.us/item/3256803556595942.html
The Epicurean large-capacity pet suspended water,https://www.aliexpress.us/item/3256806375613612.html
The Epicurean Stainless Steel Bowl with,https://www.aliexpress.us/item/3256807497448879.html
The Epicurean Apetdola 7L/236oz Water Fountain,https://www.aliexpress.us/item/3256808499198774.html
The Epicurean Food Water Bowls Holder,https://www.aliexpress.us/item/3256811964912768.html
The Epicurean Dogs Waterer Bowls Water,https://www.aliexpress.us/item/3256808854992903.html
The Epicurean 3L/4.5L Button/WiFi Automatic Feeder,https://www.aliexpress.us/item/3256811576317067.html
