Handle,Title,Body (HTML),Vendor,Standard Product Type,Custom Product Type,Tags,Published,Option1 Name,Option1 Value,Option2 Name,Option2 Value,Option3 Name,Option3 Value,Variant SKU,Variant Grams,Variant Inventory Tracker,Variant Inventory Qty,Variant Inventory Policy,Variant Fulfillment Service,Variant Price,Variant Compare At Price,Variant Requires Shipping,Variant Taxable,Variant Barcode,Image Src,Image Position,Image Alt Text,Gift Card,SEO Title,SEO Description,Google Shopping / Google Product Category,Metafield: custom.aliexpress_url [single_line_text_field],Metafield: custom.cost_price [number_decimal],Status
the-heirloom-pearl-diamond-gala-collar,The Heirloom Pearl & Diamond Gala Collar,"This jewelry piece is a radiant addition to any high-end collection, encrusted with shimmering details that reflect the golden standard of Pawché. A rare acquisition from The Vault.

**Size & Fit:** Designed for a tailored silhouette. Please refer to our size guide to ensure the perfect fit for your companion's unique proportions.",Pawché,,The Vault,"Pawché Luxury, Wardrobe, Wearable, Couture, New Arrivals",TRUE,Size,One Size,,,,,3256809077974270,0,shopify,100,continue,manual,19.99,,TRUE,TRUE,,https://tmpfiles.org/dl/wawCgmBxFMhV/the-heirloom-pearl-diamond-gala-collar.png,1,The Heirloom Pearl & Diamond Gala Collar - Pawché Luxury Pet Collection,FALSE,The Heirloom Pearl & Diamond Gala Collar | Pawché Luxury Dog Lifestyle,"This jewelry piece is a radiant addition to any high-end collection, encrusted with shimmering details that reflect the golden standard of Pawché. A rare a...",Animals & Pet Supplies > Pet Supplies > Dog Supplies,https://www.aliexpress.us/item/3256809077974270.html,2.7,active
the-bespoke-signature-gilded-id-collar,The Bespoke Signature Gilded ID Collar,"Where high-fashion aesthetics meet superior comfort, this designer set features a signature Pawché pattern and gold-toned hardware. It ensures your pet is always the best-dressed.

**Size & Fit:** Designed for a tailored silhouette. Please refer to our size guide to ensure the perfect fit for your companion's unique proportions.",Pawché,,The Accessory Bar,"Pawché Luxury, Wardrobe, Wearable, Couture, New Arrivals",TRUE,Size,One Size,,,,,3256801719586781,0,shopify,100,continue,manual,15.75,,TRUE,TRUE,,https://tmpfiles.org/dl/wnwVguBpFNGT/the-bespoke-signature-gilded-id-collar.png,1,The Bespoke Signature Gilded ID Collar - Pawché Luxury Pet Collection,FALSE,The Bespoke Signature Gilded ID Collar | Pawché Luxury Dog Lifestyle,"Where high-fashion aesthetics meet superior comfort, this designer set features a signature Pawché pattern and gold-toned hardware. It ensures your pet is...",Animals & Pet Supplies > Pet Supplies > Dog Supplies,https://www.aliexpress.us/item/3256801719586781.html,5.25,active
the-jardin-royale-floral-fleece-gilet,The Jardin Royale Floral Fleece Gilet,"Inspired by iconic designs, this canine outerwear offers a classic look for the season. Meticulously detailed to reflect a life lived beautifully, it ensures your pet remains the focal point of every promenade.

**Size & Fit:** Designed for a tailored silhouette. Please refer to our size guide to ensure the perfect fit for your companion's unique proportions.",Pawché,,The Wardrobe,"Pawché Luxury, Wardrobe, Wearable, Couture, New Arrivals",TRUE,Size,One Size,,,,,3256810149072087,0,shopify,100,continue,manual,19.99,,TRUE,TRUE,,https://tmpfiles.org/dl/w8wVgyB1OIeX/the-jardin-royale-floral-fleece-gilet.png,1,The Jardin Royale Floral Fleece Gilet - Pawché Luxury Pet Collection,FALSE,The Jardin Royale Floral Fleece Gilet | Pawché Luxury Dog Lifestyle,"Inspired by iconic designs, this canine outerwear offers a classic look for the season. Meticulously detailed to reflect a life lived beautifully, it ensur...",Animals & Pet Supplies > Pet Supplies > Dog Supplies,https://www.aliexpress.us/item/3256810149072087.html,0.99,active
the-artisan-custom-engraved-obsidian-collar,The Artisan Custom-Engraved Obsidian Collar,"Define your pet's presence with this bespoke piece, where radiant gold-toned hardware meets a meticulously tailored silhouette. A signature piece that captures the essence of modern luxury.

**Size & Fit:** Designed for a tailored silhouette. Please refer to our size guide to ensure the perfect fit for your companion's unique proportions.",Pawché,,The Accessory Bar,"Pawché Luxury, Wardrobe, Wearable, Couture",TRUE,Size,One Size,,,,,3256802921675172,0,shopify,100,continue,manual,29.28,,TRUE,TRUE,,https://tmpfiles.org/dl/wUwZgFBnFBpL/the-artisan-custom-engraved-obsidian-collar.png,1,The Artisan Custom-Engraved Obsidian Collar - Pawché Luxury Pet Collection,FALSE,The Artisan Custom-Engraved Obsidian Collar | Pawché Luxury Dog Lifestyle,"Define your pet's presence with this bespoke piece, where radiant gold-toned hardware meets a meticulously tailored silhouette. A signature piece that capt...",Animals & Pet Supplies > Pet Supplies > Dog Supplies,https://www.aliexpress.us/item/3256802921675172.html,9.76,active
the-avant-garde-punk-studded-harness,The Avant-Garde Punk Studded Harness,"This hand-stitched set is an investment in elegance, featuring traditional techniques and contemporary design. Each piece is a unique addition reflecting a life lived with style.

**Size & Fit:** Designed for a tailored silhouette. Please refer to our size guide to ensure the perfect fit for your companion's unique proportions.",Pawché,,The Accessory Bar,"Pawché Luxury, Wardrobe, Wearable, Couture",TRUE,Size,One Size,,,,,3256810473279519,0,shopify,100,continue,manual,19.99,,TRUE,TRUE,,https://tmpfiles.org/dl/w8w2gRBxFysH/the-avant-garde-punk-studded-harness.png,1,The Avant-Garde Punk Studded Harness - Pawché Luxury Pet Collection,FALSE,The Avant-Garde Punk Studded Harness | Pawché Luxury Dog Lifestyle,"This hand-stitched set is an investment in elegance, featuring traditional techniques and contemporary design. Each piece is a unique addition reflecting a...",Animals & Pet Supplies > Pet Supplies > Dog Supplies,https://www.aliexpress.us/item/3256810473279519.html,3.81,active
the-bordeaux-velvet-gala-collar-leash,The Bordeaux Velvet Gala Collar & Leash,"This diamond-style piece is a rare and singular addition to The Vault, designed to reflect the inner radiance of your most loyal companion. A bold statement of opulence that transcends the ordinary.

**Size & Fit:** Designed for a tailored silhouette. Please refer to our size guide to ensure the perfect fit for your companion's unique proportions.",Pawché,,The Vault,"Pawché Luxury, Wardrobe, Wearable, Couture",TRUE,Size,One Size,,,,,3256804772097134,0,shopify,100,continue,manual,125.49,,TRUE,TRUE,,https://tmpfiles.org/dl/wVwmgMBNFwkL/the-bordeaux-velvet-gala-collar-leash.png,1,The Bordeaux Velvet Gala Collar & Leash - Pawché Luxury Pet Collection,FALSE,The Bordeaux Velvet Gala Collar & Leash | Pawché Luxury Dog Lifestyle,"This diamond-style piece is a rare and singular addition to The Vault, designed to reflect the inner radiance of your most loyal companion. A bold statemen...",Animals & Pet Supplies > Pet Supplies > Dog Supplies,https://www.aliexpress.us/item/3256804772097134.html,41.83,active
the-alpine-cashmere-touch-winter-knit,The Alpine Cashmere-Touch Winter Knit,"A masterclass in material selection, this piece combines rugged durability with the editorial flair of Pawché. It offers a sophisticated profile for the pet who appreciates the finer things.

**Size & Fit:** Designed for a tailored silhouette. Please refer to our size guide to ensure the perfect fit for your companion's unique proportions.",Pawché,,The Wardrobe,"Pawché Luxury, Wardrobe, Wearable, Couture",TRUE,Size,One Size,,,,,3256804645383396,0,shopify,100,continue,manual,19.99,,TRUE,TRUE,,https://tmpfiles.org/dl/w1wHg9BbF7B1/the-alpine-cashmere-touch-winter-knit.png,1,The Alpine Cashmere-Touch Winter Knit - Pawché Luxury Pet Collection,FALSE,The Alpine Cashmere-Touch Winter Knit | Pawché Luxury Dog Lifestyle,"A masterclass in material selection, this piece combines rugged durability with the editorial flair of Pawché. It offers a sophisticated profile for the pe...",Animals & Pet Supplies > Pet Supplies > Dog Supplies,https://www.aliexpress.us/item/3256804645383396.html,2.66,active
the-silk-road-equestrian-print-scarf,The Silk Road Equestrian Print Scarf,"Redefine the afternoon stroll with this couture layer, where functionality meets the height of editorial flair. Its sleek silhouette and premium finish make it an essential acquisition for the discerning pet.

**Size & Fit:** Designed for a tailored silhouette. Please refer to our size guide to ensure the perfect fit for your companion's unique proportions.",Pawché,,The Wardrobe,"Pawché Luxury, Wardrobe, Wearable, Couture",TRUE,Size,One Size,,,,,3256810363490313,0,shopify,100,continue,manual,67.80,,TRUE,TRUE,,https://tmpfiles.org/dl/wWwXgNBaONwq/the-silk-road-equestrian-print-scarf.png,1,The Silk Road Equestrian Print Scarf - Pawché Luxury Pet Collection,FALSE,The Silk Road Equestrian Print Scarf | Pawché Luxury Dog Lifestyle,"Redefine the afternoon stroll with this couture layer, where functionality meets the height of editorial flair. Its sleek silhouette and premium finish mak...",Animals & Pet Supplies > Pet Supplies > Dog Supplies,https://www.aliexpress.us/item/3256810363490313.html,22.6,active
the-monogram-elite-designer-dog-hoodie,The Monogram Elite Designer Dog Hoodie,"Capture the essence of city life with this fusion piece, designed to blend seamlessly into a sophisticated urban environment. Its modern aesthetic provides a celebratory experience for the active yet refined pet.

**Size & Fit:** Designed for a tailored silhouette. Please refer to our size guide to ensure the perfect fit for your companion's unique proportions.",Pawché,,The Wardrobe,"Pawché Luxury, Wardrobe, Wearable, Couture, New Arrivals",TRUE,Size,One Size,,,,,3256801538302645,0,shopify,100,continue,manual,74.99,,TRUE,TRUE,,https://tmpfiles.org/dl/wcwJgyBBFPNw/the-monogram-elite-designer-dog-hoodie.png,1,The Monogram Elite Designer Dog Hoodie - Pawché Luxury Pet Collection,FALSE,The Monogram Elite Designer Dog Hoodie | Pawché Luxury Dog Lifestyle,"Capture the essence of city life with this fusion piece, designed to blend seamlessly into a sophisticated urban environment. Its modern aesthetic provides...",Animals & Pet Supplies > Pet Supplies > Dog Supplies,https://www.aliexpress.us/item/3256801538302645.html,24.77,active
the-palais-royale-velvet-bow-tie,The Palais Royale Velvet Bow Tie,"This streetwear-inspired set is a testament to the art of the canine lifestyle, combining vibrant textures with a tailored fit. Perfectly suited for the dog who leads with style and demands comfort.

**Size & Fit:** Designed for a tailored silhouette. Please refer to our size guide to ensure the perfect fit for your companion's unique proportions.",Pawché,,The Wardrobe,"Pawché Luxury, Wardrobe, Wearable, Couture",TRUE,Size,One Size,,,,,3256805780733156,0,shopify,100,continue,manual,39.99,,TRUE,TRUE,,https://tmpfiles.org/dl/wUwwg3BfO4AA/the-palais-royale-velvet-bow-tie.png,1,The Palais Royale Velvet Bow Tie - Pawché Luxury Pet Collection,FALSE,The Palais Royale Velvet Bow Tie | Pawché Luxury Dog Lifestyle,"This streetwear-inspired set is a testament to the art of the canine lifestyle, combining vibrant textures with a tailored fit. Perfectly suited for the do...",Animals & Pet Supplies > Pet Supplies > Dog Supplies,https://www.aliexpress.us/item/3256805780733156.html,12.54,active
the-sovereign-velvet-crown-lounger,The Sovereign Velvet Crown Lounger,"Luxury living starts at floor level with this furniture-grade masterpiece, designed to complement high-end interiors. This sanctuary provides unparalleled rest for the dog who deserves a royal resting place.",Pawché,,The Penthouse Suite,"Pawché Luxury, Penthouse Suite, Interior, Furniture, Living, New Arrivals",TRUE,Size,One Size,,,,,3256812025196002,0,shopify,100,continue,manual,119.91,,TRUE,TRUE,,https://tmpfiles.org/dl/wkwOgzBeFLPp/the-sovereign-velvet-crown-lounger.png,1,The Sovereign Velvet Crown Lounger - Pawché Luxury Pet Collection,FALSE,The Sovereign Velvet Crown Lounger | Pawché Luxury Dog Lifestyle,"Luxury living starts at floor level with this furniture-grade masterpiece, designed to complement high-end interiors. This sanctuary provides unparalleled...",Animals & Pet Supplies > Pet Supplies > Dog Supplies,https://www.aliexpress.us/item/3256812025196002.html,39.97,active
the-chalet-fleece-sanctuary-bed,The Chalet Fleece Sanctuary Bed,"Designed with high-density foam and a velvet cover, this sanctuary of support offers a silhouette of pure luxury. It ensures your pet wakes up refreshed and ready for their next stylish appearance.",Pawché,,The Penthouse Suite,"Pawché Luxury, Penthouse Suite, Interior, Furniture, Living",TRUE,Size,One Size,,,,,3256805406832053,0,shopify,100,continue,manual,39.69,,TRUE,TRUE,,https://tmpfiles.org/dl/wLwXgtBzFQ4y/the-chalet-fleece-sanctuary-bed.png,1,The Chalet Fleece Sanctuary Bed - Pawché Luxury Pet Collection,FALSE,The Chalet Fleece Sanctuary Bed | Pawché Luxury Dog Lifestyle,"Designed with high-density foam and a velvet cover, this sanctuary of support offers a silhouette of pure luxury. It ensures your pet wakes up refreshed an...",Animals & Pet Supplies > Pet Supplies > Dog Supplies,https://www.aliexpress.us/item/3256805406832053.html,13.23,active
the-versailles-gilded-velvet-dog-throne,The Versailles Gilded Velvet Dog Throne,"This designer refuge is a statement piece that doubles as art, offering a sophisticated sanctuary that integrates perfectly with modern decor. Crafted from premium materials, it redefines the canine home.",Pawché,,The Penthouse Suite,"Pawché Luxury, Penthouse Suite, Interior, Furniture, Living",TRUE,Size,One Size,,,,,3256812025196002-V,0,shopify,100,continue,manual,119.91,,TRUE,TRUE,,https://tmpfiles.org/dl/wDw8g4BDOPlu/the-versailles-gilded-velvet-dog-throne.png,1,The Versailles Gilded Velvet Dog Throne - Pawché Luxury Pet Collection,FALSE,The Versailles Gilded Velvet Dog Throne | Pawché Luxury Dog Lifestyle,"This designer refuge is a statement piece that doubles as art, offering a sophisticated sanctuary that integrates perfectly with modern decor. Crafted from...",Animals & Pet Supplies > Pet Supplies > Dog Supplies,https://www.aliexpress.us/item/3256812025196002.html,39.97,active
the-palazzo-long-plush-square-lounger,The Palazzo Long-Plush Square Lounger,"Elevate your pet's rest with this orthopedic masterpiece, where sweet dreams are reimagined through the lens of luxury. Its restorative design and high-fashion finish provide a haven of softness.",Pawché,,The Penthouse Suite,"Pawché Luxury, Penthouse Suite, Interior, Furniture, Living",TRUE,Size,One Size,,,,,3256807040993559,0,shopify,100,continue,manual,29.99,,TRUE,TRUE,,https://tmpfiles.org/dl/wiwHguB4FgmM/the-palazzo-long-plush-square-lounger.png,1,The Palazzo Long-Plush Square Lounger - Pawché Luxury Pet Collection,FALSE,The Palazzo Long-Plush Square Lounger | Pawché Luxury Dog Lifestyle,"Elevate your pet's rest with this orthopedic masterpiece, where sweet dreams are reimagined through the lens of luxury. Its restorative design and high-fas...",Animals & Pet Supplies > Pet Supplies > Dog Supplies,https://www.aliexpress.us/item/3256807040993559.html,3.41,active
the-signature-minimalist-slate-pet-sofa,The Signature Minimalist Slate Pet Sofa,"This silk-lined pet cave offers a sanctuary of darkness and warmth for the pet who prefers a more enclosed resting space. It is a testament to the art of the nap, redefined for the modern home.",Pawché,,The Penthouse Suite,"Pawché Luxury, Penthouse Suite, Interior, Furniture, Living",TRUE,Size,One Size,,,,,3256808287469838,0,shopify,100,continue,manual,291.54,,TRUE,TRUE,,https://tmpfiles.org/dl/wCw5gNBxOkZV/the-signature-minimalist-slate-pet-sofa.png,1,The Signature Minimalist Slate Pet Sofa - Pawché Luxury Pet Collection,FALSE,The Signature Minimalist Slate Pet Sofa | Pawché Luxury Dog Lifestyle,This silk-lined pet cave offers a sanctuary of darkness and warmth for the pet who prefers a more enclosed resting space. It is a testament to the art of t...,Animals & Pet Supplies > Pet Supplies > Dog Supplies,https://www.aliexpress.us/item/3256808287469838.html,97.18,active
the-penthouse-plush-xl-sectional-bed,The Penthouse Plush XL Sectional Bed,This oversized velvet piece offers a haven of softness and a touch of modern opulence for your home. It provides an unparalleled rest for the dog who treats the entire house as their palace.,Pawché,,The Penthouse Suite,"Pawché Luxury, Penthouse Suite, Interior, Furniture, Living",TRUE,Size,One Size,,,,,3256810378251913,0,shopify,100,continue,manual,52.20,,TRUE,TRUE,,https://tmpfiles.org/dl/wPwfg7BeFoEL/the-penthouse-plush-xl-sectional-bed.png,1,The Penthouse Plush XL Sectional Bed - Pawché Luxury Pet Collection,FALSE,The Penthouse Plush XL Sectional Bed | Pawché Luxury Dog Lifestyle,This oversized velvet piece offers a haven of softness and a touch of modern opulence for your home. It provides an unparalleled rest for the dog who treat...,Animals & Pet Supplies > Pet Supplies > Dog Supplies,https://www.aliexpress.us/item/3256810378251913.html,17.4,active
the-professional-gold-tipped-slicker-brush,The Professional Gold-Tipped Slicker Brush,"Redefining the standards of the pet spa, this formula provides a sanctuary of restoration for skin and coat. Each bottle reflects our commitment to excellence and the golden standard of care.",Pawché,,The Spa,"Pawché Luxury, Penthouse Suite, Interior, Furniture, Living",TRUE,Size,One Size,,,,,3256807449087595,0,shopify,100,continue,manual,29.99,,TRUE,TRUE,,https://tmpfiles.org/dl/w0wSgMBnFvxk/the-professional-gold-tipped-slicker-brush.png,1,The Professional Gold-Tipped Slicker Brush - Pawché Luxury Pet Collection,FALSE,The Professional Gold-Tipped Slicker Brush | Pawché Luxury Dog Lifestyle,"Redefining the standards of the pet spa, this formula provides a sanctuary of restoration for skin and coat. Each bottle reflects our commitment to excelle...",Animals & Pet Supplies > Pet Supplies > Dog Supplies,https://www.aliexpress.us/item/3256807449087595.html,7.41,active
the-waterproof-suede-protective-sofa-cover,The Waterproof Suede Protective Sofa Cover,This orthopedic sofa features a wraparound design for a sense of security and a velvet finish for a touch of opulence. It provides a sanctuary of style and comfort for the most loyal companion.,Pawché,,The Penthouse Suite,"Pawché Luxury, Penthouse Suite, Interior, Furniture, Living",TRUE,Size,One Size,,,,,3256806951775610,0,shopify,100,continue,manual,29.99,,TRUE,TRUE,,https://tmpfiles.org/dl/wtw2gPB7FW8S/the-waterproof-suede-protective-sofa-cover.png,1,The Waterproof Suede Protective Sofa Cover - Pawché Luxury Pet Collection,FALSE,The Waterproof Suede Protective Sofa Cover | Pawché Luxury Dog Lifestyle,This orthopedic sofa features a wraparound design for a sense of security and a velvet finish for a touch of opulence. It provides a sanctuary of style and...,Animals & Pet Supplies > Pet Supplies > Dog Supplies,https://www.aliexpress.us/item/3256806951775610.html,3.49,active
the-penthouse-silk-lined-canine-throw,The Penthouse Silk-Lined Canine Throw,This memory foam masterpiece with a faux-fur lining offers a sanctuary of support and a touch of pure indulgence. A masterpiece of comfort and high-end design for the discerning senior pet.,Pawché,,The Penthouse Suite,"Pawché Luxury, Penthouse Suite, Interior, Furniture, Living",TRUE,Size,One Size,,,,,3256805549905580,0,shopify,100,continue,manual,89.99,,TRUE,TRUE,,https://tmpfiles.org/dl/wdwWgCBqOY6J/the-penthouse-silk-lined-canine-throw.png,1,The Penthouse Silk-Lined Canine Throw - Pawché Luxury Pet Collection,FALSE,The Penthouse Silk-Lined Canine Throw | Pawché Luxury Dog Lifestyle,This memory foam masterpiece with a faux-fur lining offers a sanctuary of support and a touch of pure indulgence. A masterpiece of comfort and high-end des...,Animals & Pet Supplies > Pet Supplies > Dog Supplies,https://www.aliexpress.us/item/3256805549905580.html,28.99,active
the-equestrian-bone-stitched-leather-collar,The Equestrian Bone-Stitched Leather Collar,"Redefining the daily promenade, this piece features a signature gold-toned clip and a celebratory aesthetic. An essential for the stylish owner who demands the best.

**Size & Fit:** Designed for a tailored silhouette. Please refer to our size guide to ensure the perfect fit for your companion's unique proportions.",Pawché,,The Accessory Bar,"Pawché Luxury, Penthouse Suite, Interior, Furniture, Living",TRUE,Size,One Size,,,,,3256803032806538,0,shopify,100,continue,manual,29.99,,TRUE,TRUE,,https://tmpfiles.org/dl/www9gzBJOQg2/the-equestrian-bone-stitched-leather-collar.png,1,The Equestrian Bone-Stitched Leather Collar - Pawché Luxury Pet Collection,FALSE,The Equestrian Bone-Stitched Leather Collar | Pawché Luxury Dog Lifestyle,"Redefining the daily promenade, this piece features a signature gold-toned clip and a celebratory aesthetic. An essential for the stylish owner who demands...",Animals & Pet Supplies > Pet Supplies > Dog Supplies,https://www.aliexpress.us/item/3256803032806538.html,0.99,active
the-all-season-velvet-deep-sleep-cushion,The All-Season Velvet Deep-Sleep Cushion,"This silk-lined sleeping mask is the ultimate accessory for the pet who takes their beauty rest seriously, offering total darkness and unparalleled comfort. A unique addition to The Sleep Suite.",Pawché,,The Sleep Suite,"Pawché Luxury, Penthouse Suite, Interior, Furniture, Living",TRUE,Size,One Size,,,,,3256805814908702,0,shopify,100,continue,manual,71.16,,TRUE,TRUE,,https://tmpfiles.org/dl/wcwYgKBxOaf1/the-all-season-velvet-deep-sleep-cushion.png,1,The All-Season Velvet Deep-Sleep Cushion - Pawché Luxury Pet Collection,FALSE,The All-Season Velvet Deep-Sleep Cushion | Pawché Luxury Dog Lifestyle,"This silk-lined sleeping mask is the ultimate accessory for the pet who takes their beauty rest seriously, offering total darkness and unparalleled comfort...",Animals & Pet Supplies > Pet Supplies > Dog Supplies,https://www.aliexpress.us/item/3256805814908702.html,23.72,active
the-monogram-signature-travel-tote,The Monogram Signature Travel Tote,"Designed for the discerning traveler, this expandable carrier offers extra room and a high-fashion obsidian aesthetic. It is where functionality meets the height of travel luxury.

**Size & Fit:** Designed for a tailored silhouette. Please refer to our size guide to ensure the perfect fit for your companion's unique proportions.",Pawché,,The Getaway,"Pawché Luxury, Getaway, Wearable, Couture, New Arrivals",TRUE,Size,One Size,,,,,3256806890370062,0,shopify,100,continue,manual,120.27,,TRUE,TRUE,,https://tmpfiles.org/dl/wewWg5BEOSKK/the-monogram-signature-travel-tote.png,1,The Monogram Signature Travel Tote - Pawché Luxury Pet Collection,FALSE,The Monogram Signature Travel Tote | Pawché Luxury Dog Lifestyle,"Designed for the discerning traveler, this expandable carrier offers extra room and a high-fashion obsidian aesthetic. It is where functionality meets the...",Animals & Pet Supplies > Pet Supplies > Dog Supplies,https://www.aliexpress.us/item/3256806890370062.html,40.09,active
the-mayfair-british-style-airline-tote,The Mayfair British Style Airline Tote,"This luxury pet backpack features a panoramic window and a sophisticated finish, allowing your pet to see the world from a sanctuary of style. Refining the journey for the modern traveler.

**Size & Fit:** Designed for a tailored silhouette. Please refer to our size guide to ensure the perfect fit for your companion's unique proportions.",Pawché,,The Getaway,"Pawché Luxury, Getaway, Wearable, Couture",TRUE,Size,One Size,,,,,3256810363611636,0,shopify,100,continue,manual,130.50,,TRUE,TRUE,,https://tmpfiles.org/dl/wFwrgSBpO7c6/the-mayfair-british-style-airline-tote.png,1,The Mayfair British Style Airline Tote - Pawché Luxury Pet Collection,FALSE,The Mayfair British Style Airline Tote | Pawché Luxury Dog Lifestyle,"This luxury pet backpack features a panoramic window and a sophisticated finish, allowing your pet to see the world from a sanctuary of style. Refining the...",Animals & Pet Supplies > Pet Supplies > Dog Supplies,https://www.aliexpress.us/item/3256810363611636.html,43.5,active
the-explorer-plush-chest-pack-carrier,The Explorer Plush Chest-Pack Carrier,"Where high-fashion meets function, this designer piece protects your vehicle's interior while providing a luxurious perch for your pet. It ensures your companion travels in a sanctuary of style.

**Size & Fit:** Designed for a tailored silhouette. Please refer to our size guide to ensure the perfect fit for your companion's unique proportions.",Pawché,,The Getaway,"Pawché Luxury, Getaway, Wearable, Couture",TRUE,Size,One Size,,,,,3256805869699722,0,shopify,100,continue,manual,89.76,,TRUE,TRUE,,https://tmpfiles.org/dl/wfwg6gAgSIb4/the-explorer-plush-chest-pack-carrier.png,1,The Explorer Plush Chest-Pack Carrier - Pawché Luxury Pet Collection,FALSE,The Explorer Plush Chest-Pack Carrier | Pawché Luxury Dog Lifestyle,"Where high-fashion meets function, this designer piece protects your vehicle's interior while providing a luxurious perch for your pet. It ensures your com...",Animals & Pet Supplies > Pet Supplies > Dog Supplies,https://www.aliexpress.us/item/3256805869699722.html,29.92,active
the-canine-chic-pu-leather-crossbody-bag,The Canine-Chic PU Leather Crossbody Bag,"This high-rise travel carrier features mesh panels for visibility and a sleek, obsidian finish for a timeless and confident aesthetic. It ensures your pet remains the most stylish traveler.

**Size & Fit:** Designed for a tailored silhouette. Please refer to our size guide to ensure the perfect fit for your companion's unique proportions.",Pawché,,The Getaway,"Pawché Luxury, Getaway, Wearable, Couture",TRUE,Size,One Size,,,,,3256808302645334,0,shopify,100,continue,manual,163.38,,TRUE,TRUE,,https://tmpfiles.org/dl/wswYgbBGOpW4/the-canine-chic-pu-leather-crossbody-bag.png,1,The Canine-Chic PU Leather Crossbody Bag - Pawché Luxury Pet Collection,FALSE,The Canine-Chic PU Leather Crossbody Bag | Pawché Luxury Dog Lifestyle,"This high-rise travel carrier features mesh panels for visibility and a sleek, obsidian finish for a timeless and confident aesthetic. It ensures your pet...",Animals & Pet Supplies > Pet Supplies > Dog Supplies,https://www.aliexpress.us/item/3256808302645334.html,54.46,active
the-first-class-space-trolley-explorer,The First-Class Space Trolley Explorer,"This high-end grooming kit from The Spa collection is crafted for precision and style, ensuring a professional finish for every ritual. A ritual of relaxation for the pampered pet.",Pawché,,The Spa,"Pawché Luxury, Getaway, Wearable, Couture",TRUE,Size,One Size,,,,,3256809382520600,0,shopify,100,continue,manual,140.55,,TRUE,TRUE,,https://tmpfiles.org/dl/wWwO6gAISUtH/the-first-class-space-trolley-explorer.png,1,The First-Class Space Trolley Explorer - Pawché Luxury Pet Collection,FALSE,The First-Class Space Trolley Explorer | Pawché Luxury Dog Lifestyle,"This high-end grooming kit from The Spa collection is crafted for precision and style, ensuring a professional finish for every ritual. A ritual of relaxat...",Animals & Pet Supplies > Pet Supplies > Dog Supplies,https://www.aliexpress.us/item/3256809382520600.html,46.85,active
the-summit-performance-mesh-backpack,The Summit Performance Mesh Backpack,"Soft, silk-lined interiors in this travel sanctuary provide a gentle touch for the most pampered skin during long journeys. It ensures your pet remains refreshed and refined.

**Size & Fit:** Designed for a tailored silhouette. Please refer to our size guide to ensure the perfect fit for your companion's unique proportions.",Pawché,,The Getaway,"Pawché Luxury, Getaway, Wearable, Couture",TRUE,Size,One Size,,,,,3256811933807866,0,shopify,100,continue,manual,122.31,,TRUE,TRUE,,https://tmpfiles.org/dl/wLwCgOBbOKMt/the-summit-performance-mesh-backpack.png,1,The Summit Performance Mesh Backpack - Pawché Luxury Pet Collection,FALSE,The Summit Performance Mesh Backpack | Pawché Luxury Dog Lifestyle,"Soft, silk-lined interiors in this travel sanctuary provide a gentle touch for the most pampered skin during long journeys. It ensures your pet remains ref...",Animals & Pet Supplies > Pet Supplies > Dog Supplies,https://www.aliexpress.us/item/3256811933807866.html,40.77,active
the-continental-premium-leather-travel-tote,The Continental Premium Leather Travel Tote,"This travel tote is the world's most sophisticated runway for the globetrotting companion, ensuring they arrive refreshed and refined. Its high-end construction makes it an essential for every jet-set pet.

**Size & Fit:** Designed for a tailored silhouette. Please refer to our size guide to ensure the perfect fit for your companion's unique proportions.",Pawché,,The Getaway,"Pawché Luxury, Getaway, Wearable, Couture",TRUE,Size,One Size,,,,,3256806087040996,0,shopify,100,continue,manual,175.92,,TRUE,TRUE,,https://tmpfiles.org/dl/wPwegwBuO4VV/the-continental-premium-leather-travel-tote.png,1,The Continental Premium Leather Travel Tote - Pawché Luxury Pet Collection,FALSE,The Continental Premium Leather Travel Tote | Pawché Luxury Dog Lifestyle,"This travel tote is the world's most sophisticated runway for the globetrotting companion, ensuring they arrive refreshed and refined. Its high-end constru...",Animals & Pet Supplies > Pet Supplies > Dog Supplies,https://www.aliexpress.us/item/3256806087040996.html,58.64,active
the-avenue-quilted-leather-carrier,The Avenue Quilted Leather Carrier,"Refining the journey for the modern traveler, this airline-approved carrier combines avant-garde design with superior interior comfort. It provides a sanctuary of style that ensures your pet feels at home.

**Size & Fit:** Designed for a tailored silhouette. Please refer to our size guide to ensure the perfect fit for your companion's unique proportions.",Pawché,,The Getaway,"Pawché Luxury, Getaway, Wearable, Couture",TRUE,Size,One Size,,,,,3256812008063317,0,shopify,100,continue,manual,149.99,,TRUE,TRUE,,https://tmpfiles.org/dl/wQwEgfBWOwUJ/the-avenue-quilted-leather-carrier.png,1,The Avenue Quilted Leather Carrier - Pawché Luxury Pet Collection,FALSE,The Avenue Quilted Leather Carrier | Pawché Luxury Dog Lifestyle,"Refining the journey for the modern traveler, this airline-approved carrier combines avant-garde design with superior interior comfort. It provides a sanct...",Animals & Pet Supplies > Pet Supplies > Dog Supplies,https://www.aliexpress.us/item/3256812008063317.html,49.99,active
the-urban-nomad-shoulder-carrying-handbag,The Urban Nomad Shoulder Carrying Handbag,"This velvet and gold-accented carrier is the world's most stylish way to transport your small companion, ensuring they feel like royalty on every trip. A sanctuary of style for the jet-set pet.

**Size & Fit:** Designed for a tailored silhouette. Please refer to our size guide to ensure the perfect fit for your companion's unique proportions.",Pawché,,The Getaway,"Pawché Luxury, Getaway, Wearable, Couture",TRUE,Size,One Size,,,,,3256807062390478,0,shopify,100,continue,manual,57.63,,TRUE,TRUE,,https://tmpfiles.org/dl/wuwzgxBxOlLX/the-urban-nomad-shoulder-carrying-handbag.png,1,The Urban Nomad Shoulder Carrying Handbag - Pawché Luxury Pet Collection,FALSE,The Urban Nomad Shoulder Carrying Handbag | Pawché Luxury Dog Lifestyle,"This velvet and gold-accented carrier is the world's most stylish way to transport your small companion, ensuring they feel like royalty on every trip. A s...",Animals & Pet Supplies > Pet Supplies > Dog Supplies,https://www.aliexpress.us/item/3256807062390478.html,19.21,active
the-voyager-high-capacity-mesh-trekker,The Voyager High-Capacity Mesh Trekker,"This The Voyager High-Capacity Mesh Trekker is a singular addition to the The Getaway collection, offering unparalleled style and comfort. Truly a bespoke piece for the discerning pet.

**Size & Fit:** Designed for a tailored silhouette. Please refer to our size guide to ensure the perfect fit for your companion's unique proportions.",Pawché,,The Getaway,"Pawché Luxury, Getaway, Wearable, Couture",TRUE,Size,One Size,,,,,3256811827731740,0,shopify,100,continue,manual,76.71,,TRUE,TRUE,,https://tmpfiles.org/dl/w8wcgRBHOsnK/the-voyager-high-capacity-mesh-trekker.png,1,The Voyager High-Capacity Mesh Trekker - Pawché Luxury Pet Collection,FALSE,The Voyager High-Capacity Mesh Trekker | Pawché Luxury Dog Lifestyle,"This The Voyager High-Capacity Mesh Trekker is a singular addition to the The Getaway collection, offering unparalleled style and comfort. Truly a bespoke...",Animals & Pet Supplies > Pet Supplies > Dog Supplies,https://www.aliexpress.us/item/3256811827731740.html,25.57,active
the-grand-tour-expandable-rolling-suite,The Grand Tour Expandable Rolling Suite,"The Carrara Ceramic Dining Pavilion features marble-inspired finishes and a warm base, creating an epicurean station that is truly a work of art. A touch of Mediterranean elegance.",Pawché,,Bowls & Kitchen,"Pawché Luxury, Getaway, Wearable, Couture",TRUE,Size,One Size,,,,,3256805854968529,0,shopify,100,continue,manual,554.70,,TRUE,TRUE,,https://tmpfiles.org/dl/w4wmgnBNOjHM/the-grand-tour-expandable-rolling-suite.png,1,The Grand Tour Expandable Rolling Suite - Pawché Luxury Pet Collection,FALSE,The Grand Tour Expandable Rolling Suite | Pawché Luxury Dog Lifestyle,"The Carrara Ceramic Dining Pavilion features marble-inspired finishes and a warm base, creating an epicurean station that is truly a work of art. A touch o...",Animals & Pet Supplies > Pet Supplies > Dog Supplies,https://www.aliexpress.us/item/3256805854968529.html,184.9,active
the-jetsetter-eva-foldable-travel-suite,The Jetsetter EVA Foldable Travel Suite,"This matching set features high-end embroidery and a tailored fit, bringing the gap between the gala and the garden. A masterclass in modern, coordinated canine fashion.

**Size & Fit:** Designed for a tailored silhouette. Please refer to our size guide to ensure the perfect fit for your companion's unique proportions.",Pawché,,The Wardrobe,"Pawché Luxury, Getaway, Wearable, Couture",TRUE,Size,One Size,,,,,3256810497890737,0,shopify,100,continue,manual,104.49,,TRUE,TRUE,,https://tmpfiles.org/dl/wrwE6BAiSFXp/the-jetsetter-eva-foldable-travel-suite.png,1,The Jetsetter EVA Foldable Travel Suite - Pawché Luxury Pet Collection,FALSE,The Jetsetter EVA Foldable Travel Suite | Pawché Luxury Dog Lifestyle,"This matching set features high-end embroidery and a tailored fit, bringing the gap between the gala and the garden. A masterclass in modern, coordinated c...",Animals & Pet Supplies > Pet Supplies > Dog Supplies,https://www.aliexpress.us/item/3256810497890737.html,34.83,active
the-imperial-honey-agate-pearl-pendant,The Imperial Honey-Agate & Pearl Pendant,"An exquisite display of canine craftsmanship, this gala piece features shimmering details that evoke a sense of heritage and classic sophistication. Designed for the dog who demands to be the best-dressed.

**Size & Fit:** Designed for a tailored silhouette. Please refer to our size guide to ensure the perfect fit for your companion's unique proportions.",Pawché,,The Vault,"Pawché Luxury, Vault, Exclusive, Jewelry, High-End, New Arrivals",TRUE,Size,One Size,,,,,3256812081289314,0,shopify,100,continue,manual,59.52,,TRUE,TRUE,,https://tmpfiles.org/dl/wbwvg4BrOlTo/the-imperial-honey-agate-pearl-pendant.png,1,The Imperial Honey-Agate & Pearl Pendant - Pawché Luxury Pet Collection,FALSE,The Imperial Honey-Agate & Pearl Pendant | Pawché Luxury Dog Lifestyle,"An exquisite display of canine craftsmanship, this gala piece features shimmering details that evoke a sense of heritage and classic sophistication. Design...",Animals & Pet Supplies > Pet Supplies > Dog Supplies,https://www.aliexpress.us/item/3256812081289314.html,14.88,active
the-jade-freshwater-pearl-heirloom-set,The Jade & Freshwater Pearl Heirloom Set,"Softness becomes a sanctuary in this high-fashion piece, a masterclass in material selection and aesthetic. It provides a tactile indulgence for the companion who enjoys a sophisticated profile.

**Size & Fit:** Designed for a tailored silhouette. Please refer to our size guide to ensure the perfect fit for your companion's unique proportions.",Pawché,,The Wardrobe,"Pawché Luxury, Vault, Exclusive, Jewelry, High-End",TRUE,Size,One Size,,,,,3256807395918324,0,shopify,100,continue,manual,27.48,,TRUE,TRUE,,https://tmpfiles.org/dl/w6wRg0BfODdR/the-jade-freshwater-pearl-heirloom-set.png,1,The Jade & Freshwater Pearl Heirloom Set - Pawché Luxury Pet Collection,FALSE,The Jade & Freshwater Pearl Heirloom Set | Pawché Luxury Dog Lifestyle,"Softness becomes a sanctuary in this high-fashion piece, a masterclass in material selection and aesthetic. It provides a tactile indulgence for the compan...",Animals & Pet Supplies > Pet Supplies > Dog Supplies,https://www.aliexpress.us/item/3256807395918324.html,6.87,active
the-golden-bee-water-drop-jewelry-suite,The Golden Bee Water-Drop Jewelry Suite,"This rare crystal-encrusted piece is a radiant addition to any high-end collection, reflecting the light and the golden standard of Pawché. A singular piece that turns every walk into a celebrated event.

**Size & Fit:** Designed for a tailored silhouette. Please refer to our size guide to ensure the perfect fit for your companion's unique proportions.",Pawché,,The Vault,"Pawché Luxury, Vault, Exclusive, Jewelry, High-End",TRUE,Size,One Size,,,,,3256811686041834,0,shopify,100,continue,manual,55.92,,TRUE,TRUE,,https://tmpfiles.org/dl/wKwGg6BcOTo6/the-golden-bee-water-drop-jewelry-suite.png,1,The Golden Bee Water-Drop Jewelry Suite - Pawché Luxury Pet Collection,FALSE,The Golden Bee Water-Drop Jewelry Suite | Pawché Luxury Dog Lifestyle,"This rare crystal-encrusted piece is a radiant addition to any high-end collection, reflecting the light and the golden standard of Pawché. A singular piec...",Animals & Pet Supplies > Pet Supplies > Dog Supplies,https://www.aliexpress.us/item/3256811686041834.html,13.98,active
the-sterling-companion-keepsake-charm,The Sterling Companion Keepsake Charm,"This shimmering gold piece is a radiant addition to our exclusive 'The Vault' curated range, designed to highlight the natural elegance of your pet. Truly a rare piece for the dog who lives for luxury.

**Size & Fit:** Designed for a tailored silhouette. Please refer to our size guide to ensure the perfect fit for your companion's unique proportions.",Pawché,,The Vault,"Pawché Luxury, Vault, Exclusive, Jewelry, High-End",TRUE,Size,One Size,,,,,3256809392518306,0,shopify,100,continue,manual,29.99,,TRUE,TRUE,,https://tmpfiles.org/dl/wBwHgcBpOUJ7/the-sterling-companion-keepsake-charm.png,1,The Sterling Companion Keepsake Charm - Pawché Luxury Pet Collection,FALSE,The Sterling Companion Keepsake Charm | Pawché Luxury Dog Lifestyle,"This shimmering gold piece is a radiant addition to our exclusive 'The Vault' curated range, designed to highlight the natural elegance of your pet. Truly...",Animals & Pet Supplies > Pet Supplies > Dog Supplies,https://www.aliexpress.us/item/3256809392518306.html,0.99,active
the-butterfly-heart-sterling-bead-collection,The Butterfly & Heart Sterling Bead Collection,"This rare emerald-toned piece is a radiant addition from The Vault, designed to evoke a sense of royal heritage and timeless elegance. Truly a one-of-a-kind piece for the most exclusive companion.

**Size & Fit:** Designed for a tailored silhouette. Please refer to our size guide to ensure the perfect fit for your companion's unique proportions.",Pawché,,The Vault,"Pawché Luxury, Vault, Exclusive, Jewelry, High-End",TRUE,Size,One Size,,,,,3256811814370791,0,shopify,100,continue,manual,29.99,,TRUE,TRUE,,https://tmpfiles.org/dl/wzwGgJBaO75i/the-butterfly-heart-sterling-bead-collection.png,1,The Butterfly & Heart Sterling Bead Collection - Pawché Luxury Pet Collection,FALSE,The Butterfly & Heart Sterling Bead Collection | Pawché Luxury Dog Lifestyle,"This rare emerald-toned piece is a radiant addition from The Vault, designed to evoke a sense of royal heritage and timeless elegance. Truly a one-of-a-kin...",Animals & Pet Supplies > Pet Supplies > Dog Supplies,https://www.aliexpress.us/item/3256811814370791.html,0.99,active
the-parisian-elite-pendant-earring-set,The Parisian Elite Pendant & Earring Set,"This leopard-print inspired piece is a bold statement of canine fashion, featuring a tailored silhouette and an undeniably high-end feel. Designed for the dog who leads where others follow.

**Size & Fit:** Designed for a tailored silhouette. Please refer to our size guide to ensure the perfect fit for your companion's unique proportions.",Pawché,,The Wardrobe,"Pawché Luxury, Vault, Exclusive, Jewelry, High-End",TRUE,Size,One Size,,,,,3256809959892520,0,shopify,100,continue,manual,114.72,,TRUE,TRUE,,https://tmpfiles.org/dl/whwR6XA1S4yz/the-parisian-elite-pendant-earring-set.png,1,The Parisian Elite Pendant & Earring Set - Pawché Luxury Pet Collection,FALSE,The Parisian Elite Pendant & Earring Set | Pawché Luxury Dog Lifestyle,"This leopard-print inspired piece is a bold statement of canine fashion, featuring a tailored silhouette and an undeniably high-end feel. Designed for the...",Animals & Pet Supplies > Pet Supplies > Dog Supplies,https://www.aliexpress.us/item/3256809959892520.html,28.68,active
the-royal-wedding-diamond-style-jewelry-suite,The Royal Wedding Diamond-Style Jewelry Suite,"This rare amethyst-toned jewelry piece from The Vault is a radiant addition to any high-end collection, designed to shimmer and shine during every promenade. Truly a singular piece.

**Size & Fit:** Designed for a tailored silhouette. Please refer to our size guide to ensure the perfect fit for your companion's unique proportions.",Pawché,,The Vault,"Pawché Luxury, Vault, Exclusive, Jewelry, High-End",TRUE,Size,One Size,,,,,3256809950043807,0,shopify,100,continue,manual,114.24,,TRUE,TRUE,,https://tmpfiles.org/dl/wQwA66A7S2jX/the-royal-wedding-diamond-style-jewelry-suite.png,1,The Royal Wedding Diamond-Style Jewelry Suite - Pawché Luxury Pet Collection,FALSE,The Royal Wedding Diamond-Style Jewelry Suite | Pawché Luxury Dog Lifestyle,"This rare amethyst-toned jewelry piece from The Vault is a radiant addition to any high-end collection, designed to shimmer and shine during every promenad...",Animals & Pet Supplies > Pet Supplies > Dog Supplies,https://www.aliexpress.us/item/3256809950043807.html,28.56,active
the-chandelier-crystal-bridal-choker-set,The Chandelier Crystal Bridal Choker Set,"A masterclass in canine tailoring, this piece features intricate stitching and a silhouette that commands attention in any room. It is the ultimate statement for exclusive social engagements.

**Size & Fit:** Designed for a tailored silhouette. Please refer to our size guide to ensure the perfect fit for your companion's unique proportions.",Pawché,,The Wardrobe,"Pawché Luxury, Vault, Exclusive, Jewelry, High-End",TRUE,Size,One Size,,,,,3256804694021606,0,shopify,100,continue,manual,26.16,,TRUE,TRUE,,https://tmpfiles.org/dl/wcwG66AwSTvR/the-chandelier-crystal-bridal-choker-set.png,1,The Chandelier Crystal Bridal Choker Set - Pawché Luxury Pet Collection,FALSE,The Chandelier Crystal Bridal Choker Set | Pawché Luxury Dog Lifestyle,"A masterclass in canine tailoring, this piece features intricate stitching and a silhouette that commands attention in any room. It is the ultimate stateme...",Animals & Pet Supplies > Pet Supplies > Dog Supplies,https://www.aliexpress.us/item/3256804694021606.html,6.54,active
the-obsidian-emerald-6-row-grand-necklace,The Obsidian & Emerald 6-Row Grand Necklace,"This The Obsidian & Emerald 6-Row Grand Necklace is a singular addition to the The Vault collection, offering unparalleled style and comfort. Truly a bespoke piece for the discerning pet.

**Size & Fit:** Designed for a tailored silhouette. Please refer to our size guide to ensure the perfect fit for your companion's unique proportions.",Pawché,,The Vault,"Pawché Luxury, Vault, Exclusive, Jewelry, High-End",TRUE,Size,One Size,,,,,3256811397894849,0,shopify,100,continue,manual,121.72,,TRUE,TRUE,,https://tmpfiles.org/dl/w8w86RAQSZFc/the-obsidian-emerald-6-row-grand-necklace.png,1,The Obsidian & Emerald 6-Row Grand Necklace - Pawché Luxury Pet Collection,FALSE,The Obsidian & Emerald 6-Row Grand Necklace | Pawché Luxury Dog Lifestyle,"This The Obsidian & Emerald 6-Row Grand Necklace is a singular addition to the The Vault collection, offering unparalleled style and comfort. Truly a bespo...",Animals & Pet Supplies > Pet Supplies > Dog Supplies,https://www.aliexpress.us/item/3256811397894849.html,30.43,active
the-midnight-radiant-moissanite-solitaire,The Midnight Radiant Moissanite Solitaire,"This The Midnight Radiant Moissanite Solitaire is a singular addition to the The Vault collection, offering unparalleled style and comfort. Truly a bespoke piece for the discerning pet.

**Size & Fit:** Designed for a tailored silhouette. Please refer to our size guide to ensure the perfect fit for your companion's unique proportions.",Pawché,,The Vault,"Pawché Luxury, Vault, Exclusive, Jewelry, High-End",TRUE,Size,One Size,,,,,3256807375142177,0,shopify,100,continue,manual,25.60,,TRUE,TRUE,,https://tmpfiles.org/dl/wNwP6HAaSA32/the-midnight-radiant-moissanite-solitaire.png,1,The Midnight Radiant Moissanite Solitaire - Pawché Luxury Pet Collection,FALSE,The Midnight Radiant Moissanite Solitaire | Pawché Luxury Dog Lifestyle,"This The Midnight Radiant Moissanite Solitaire is a singular addition to the The Vault collection, offering unparalleled style and comfort. Truly a bespoke...",Animals & Pet Supplies > Pet Supplies > Dog Supplies,https://www.aliexpress.us/item/3256807375142177.html,6.4,active
the-tribal-opulence-multi-layer-statement-set,The Tribal Opulence Multi-Layer Statement Set,"This classic trench-inspired coat offers an iconic and sophisticated silhouette, perfect for the pet who appreciates the finer things. An essential acquisition for the new fashion season.

**Size & Fit:** Designed for a tailored silhouette. Please refer to our size guide to ensure the perfect fit for your companion's unique proportions.",Pawché,,The Wardrobe,"Pawché Luxury, Vault, Exclusive, Jewelry, High-End",TRUE,Size,One Size,,,,,3256805811061529,0,shopify,100,continue,manual,29.99,,TRUE,TRUE,,https://tmpfiles.org/dl/wlwo6kAQSVY1/the-tribal-opulence-multi-layer-statement-set.png,1,The Tribal Opulence Multi-Layer Statement Set - Pawché Luxury Pet Collection,FALSE,The Tribal Opulence Multi-Layer Statement Set | Pawché Luxury Dog Lifestyle,"This classic trench-inspired coat offers an iconic and sophisticated silhouette, perfect for the pet who appreciates the finer things. An essential acquisi...",Animals & Pet Supplies > Pet Supplies > Dog Supplies,https://www.aliexpress.us/item/3256805811061529.html,6.24,active
the-serenity-striped-velvet-orthopedic-mat,The Serenity Striped Velvet Orthopedic Mat,"Indulge in the tranquility of the night with this silk-lined sleep set, meticulously crafted to provide a sensory experience of pure restoration. The ultimate indulgence for beauty rest.",Pawché,,The Sleep Suite,"Pawché Luxury, Sleep Suite, Interior, Furniture, Living, New Arrivals",TRUE,Size,One Size,,,,,3256811773927610,0,shopify,100,continue,manual,62.97,,TRUE,TRUE,,https://tmpfiles.org/dl/w0we6nA9SFDx/the-serenity-striped-velvet-orthopedic-mat.png,1,The Serenity Striped Velvet Orthopedic Mat - Pawché Luxury Pet Collection,FALSE,The Serenity Striped Velvet Orthopedic Mat | Pawché Luxury Dog Lifestyle,"Indulge in the tranquility of the night with this silk-lined sleep set, meticulously crafted to provide a sensory experience of pure restoration. The ultim...",Animals & Pet Supplies > Pet Supplies > Dog Supplies,https://www.aliexpress.us/item/3256811773927610.html,20.99,active
the-cloud-cuddle-plush-deep-sleep-nest,The Cloud-Cuddle Plush Deep-Sleep Nest,"Experience the tranquil luxury of this silk-lined blanket, crafted from the finest materials to ensure a restorative and deep sleep. Its sophisticated textures provide a sanctuary of comfort.",Pawché,,The Sleep Suite,"Pawché Luxury, Sleep Suite, Interior, Furniture, Living",TRUE,Size,One Size,,,,,3256811986654805,0,shopify,100,continue,manual,48.75,,TRUE,TRUE,,https://tmpfiles.org/dl/wCwz60AGSe9G/the-cloud-cuddle-plush-deep-sleep-nest.png,1,The Cloud-Cuddle Plush Deep-Sleep Nest - Pawché Luxury Pet Collection,FALSE,The Cloud-Cuddle Plush Deep-Sleep Nest | Pawché Luxury Dog Lifestyle,"Experience the tranquil luxury of this silk-lined blanket, crafted from the finest materials to ensure a restorative and deep sleep. Its sophisticated text...",Animals & Pet Supplies > Pet Supplies > Dog Supplies,https://www.aliexpress.us/item/3256811986654805.html,16.25,active
the-zenith-super-soft-marshmallow-bed,The Zenith Super-Soft Marshmallow Bed,"This The Zenith Super-Soft Marshmallow Bed is a singular addition to the The Penthouse Suite collection, offering unparalleled style and comfort. Truly a bespoke piece for the discerning pet.",Pawché,,The Penthouse Suite,"Pawché Luxury, Sleep Suite, Interior, Furniture, Living",TRUE,Size,One Size,,,,,3256806229498796,0,shopify,100,continue,manual,29.99,,TRUE,TRUE,,https://tmpfiles.org/dl/wIw86yAxSuiq/the-zenith-super-soft-marshmallow-bed.png,1,The Zenith Super-Soft Marshmallow Bed - Pawché Luxury Pet Collection,FALSE,The Zenith Super-Soft Marshmallow Bed | Pawché Luxury Dog Lifestyle,"This The Zenith Super-Soft Marshmallow Bed is a singular addition to the The Penthouse Suite collection, offering unparalleled style and comfort. Truly a b...",Animals & Pet Supplies > Pet Supplies > Dog Supplies,https://www.aliexpress.us/item/3256806229498796.html,0.99,active
the-arctic-plush-winter-snuggle-nest,The Arctic Plush Winter Snuggle Nest,This plush sleep accessory provides a haven of softness for the most loyal companion. Its restorative design and high-fashion finish reimagines the lens of luxury for the bedroom.,Pawché,,The Sleep Suite,"Pawché Luxury, Sleep Suite, Interior, Furniture, Living",TRUE,Size,One Size,,,,,3256810161106003,0,shopify,100,continue,manual,29.99,,TRUE,TRUE,,https://tmpfiles.org/dl/w3wk6QAaS4Re/the-arctic-plush-winter-snuggle-nest.png,1,The Arctic Plush Winter Snuggle Nest - Pawché Luxury Pet Collection,FALSE,The Arctic Plush Winter Snuggle Nest | Pawché Luxury Dog Lifestyle,This plush sleep accessory provides a haven of softness for the most loyal companion. Its restorative design and high-fashion finish reimagines the lens of...,Animals & Pet Supplies > Pet Supplies > Dog Supplies,https://www.aliexpress.us/item/3256810161106003.html,7.37,active
the-hermitage-rabbit-fur-orthopedic-mattress,The Hermitage Rabbit-Fur Orthopedic Mattress,"This The Hermitage Rabbit-Fur Orthopedic Mattress is a singular addition to the The Penthouse Suite collection, offering unparalleled style and comfort. Truly a bespoke piece for the discerning pet.",Pawché,,The Penthouse Suite,"Pawché Luxury, Sleep Suite, Interior, Furniture, Living",TRUE,Size,One Size,,,,,3256810174982616,0,shopify,100,continue,manual,76.50,,TRUE,TRUE,,https://tmpfiles.org/dl/wvwj62AHSDIZ/the-hermitage-rabbit-fur-orthopedic-mattress.png,1,The Hermitage Rabbit-Fur Orthopedic Mattress - Pawché Luxury Pet Collection,FALSE,The Hermitage Rabbit-Fur Orthopedic Mattress | Pawché Luxury Dog Lifestyle,"This The Hermitage Rabbit-Fur Orthopedic Mattress is a singular addition to the The Penthouse Suite collection, offering unparalleled style and comfort. Tr...",Animals & Pet Supplies > Pet Supplies > Dog Supplies,https://www.aliexpress.us/item/3256810174982616.html,25.5,active
the-obsidian-non-slip-sofa-wellness-mat,The Obsidian Non-Slip Sofa Wellness Mat,"This The Obsidian Non-Slip Sofa Wellness Mat is a singular addition to the The Penthouse Suite collection, offering unparalleled style and comfort. Truly a bespoke piece for the discerning pet.",Pawché,,The Penthouse Suite,"Pawché Luxury, Sleep Suite, Interior, Furniture, Living",TRUE,Size,One Size,,,,,3256811764359722,0,shopify,100,continue,manual,90.27,,TRUE,TRUE,,https://tmpfiles.org/dl/wuws6wA8SIsc/the-obsidian-non-slip-sofa-wellness-mat.png,1,The Obsidian Non-Slip Sofa Wellness Mat - Pawché Luxury Pet Collection,FALSE,The Obsidian Non-Slip Sofa Wellness Mat | Pawché Luxury Dog Lifestyle,"This The Obsidian Non-Slip Sofa Wellness Mat is a singular addition to the The Penthouse Suite collection, offering unparalleled style and comfort. Truly a...",Animals & Pet Supplies > Pet Supplies > Dog Supplies,https://www.aliexpress.us/item/3256811764359722.html,30.09,active
the-regent-egg-sponge-orthopedic-suite,The Regent Egg-Sponge Orthopedic Suite,"The Cascade Stainless Hydration System offers a large-capacity reservoir and a sleek metallic finish. It provides a constant stream of pure, filtered luxury for the sophisticated home.",Pawché,,Bowls & Kitchen,"Pawché Luxury, Sleep Suite, Interior, Furniture, Living",TRUE,Size,One Size,,,,,3256809343617420,0,shopify,100,continue,manual,75.57,,TRUE,TRUE,,https://tmpfiles.org/dl/wXwp6uA1SUOI/the-regent-egg-sponge-orthopedic-suite.png,1,The Regent Egg-Sponge Orthopedic Suite - Pawché Luxury Pet Collection,FALSE,The Regent Egg-Sponge Orthopedic Suite | Pawché Luxury Dog Lifestyle,"The Cascade Stainless Hydration System offers a large-capacity reservoir and a sleek metallic finish. It provides a constant stream of pure, filtered luxur...",Animals & Pet Supplies > Pet Supplies > Dog Supplies,https://www.aliexpress.us/item/3256809343617420.html,25.19,active
the-onyx-bite-resistant-luxury-plush-bed,The Onyx Bite-Resistant Luxury Plush Bed,"This The Onyx Bite-Resistant Luxury Plush Bed is a singular addition to the The Penthouse Suite collection, offering unparalleled style and comfort. Truly a bespoke piece for the discerning pet.",Pawché,,The Penthouse Suite,"Pawché Luxury, Sleep Suite, Interior, Furniture, Living",TRUE,Size,One Size,,,,,3256808396746265,0,shopify,100,continue,manual,29.99,,TRUE,TRUE,,https://tmpfiles.org/dl/wCwP6uAaSxSC/the-onyx-bite-resistant-luxury-plush-bed.png,1,The Onyx Bite-Resistant Luxury Plush Bed - Pawché Luxury Pet Collection,FALSE,The Onyx Bite-Resistant Luxury Plush Bed | Pawché Luxury Dog Lifestyle,"This The Onyx Bite-Resistant Luxury Plush Bed is a singular addition to the The Penthouse Suite collection, offering unparalleled style and comfort. Truly...",Animals & Pet Supplies > Pet Supplies > Dog Supplies,https://www.aliexpress.us/item/3256808396746265.html,0.99,active
the-pavilion-elevated-all-season-daybed,The Pavilion Elevated All-Season Daybed,"This The Pavilion Elevated All-Season Daybed is a singular addition to the The Penthouse Suite collection, offering unparalleled style and comfort. Truly a bespoke piece for the discerning pet.",Pawché,,The Penthouse Suite,"Pawché Luxury, Sleep Suite, Interior, Furniture, Living",TRUE,Size,One Size,,,,,3256811611047735,0,shopify,100,continue,manual,270.69,,TRUE,TRUE,,https://tmpfiles.org/dl/wtwD6jA6SxCl/the-pavilion-elevated-all-season-daybed.png,1,The Pavilion Elevated All-Season Daybed - Pawché Luxury Pet Collection,FALSE,The Pavilion Elevated All-Season Daybed | Pawché Luxury Dog Lifestyle,"This The Pavilion Elevated All-Season Daybed is a singular addition to the The Penthouse Suite collection, offering unparalleled style and comfort. Truly a...",Animals & Pet Supplies > Pet Supplies > Dog Supplies,https://www.aliexpress.us/item/3256811611047735.html,90.23,active
the-nordic-rectangular-plush-sanctuary,The Nordic Rectangular Plush Sanctuary,"This The Nordic Rectangular Plush Sanctuary is a singular addition to the The Sleep Suite collection, offering unparalleled style and comfort. Truly a bespoke piece for the discerning pet.",Pawché,,The Sleep Suite,"Pawché Luxury, Sleep Suite, Interior, Furniture, Living",TRUE,Size,One Size,,,,,3256809339079368,0,shopify,100,continue,manual,55.68,,TRUE,TRUE,,https://tmpfiles.org/dl/wmwg6KACSG44/the-nordic-rectangular-plush-sanctuary.png,1,The Nordic Rectangular Plush Sanctuary - Pawché Luxury Pet Collection,FALSE,The Nordic Rectangular Plush Sanctuary | Pawché Luxury Dog Lifestyle,"This The Nordic Rectangular Plush Sanctuary is a singular addition to the The Sleep Suite collection, offering unparalleled style and comfort. Truly a besp...",Animals & Pet Supplies > Pet Supplies > Dog Supplies,https://www.aliexpress.us/item/3256809339079368.html,18.56,active
the-ritz-quick-dry-microfiber-spa-robe,The Ritz Quick-Dry Microfiber Spa Robe,This premium grooming tool transforms routine maintenance into a five-star sensory experience. The ultimate indulgence for the well-groomed canine who demands a radiant coat.,Pawché,,The Spa,"Pawché Luxury, Spa, Wellness, Grooming, Spa, New Arrivals",TRUE,Size,One Size,,,,,3256809902852618,0,shopify,100,continue,manual,29.99,,TRUE,TRUE,,https://tmpfiles.org/dl/wDwp6vAYSira/the-ritz-quick-dry-microfiber-spa-robe.png,1,The Ritz Quick-Dry Microfiber Spa Robe - Pawché Luxury Pet Collection,FALSE,The Ritz Quick-Dry Microfiber Spa Robe | Pawché Luxury Dog Lifestyle,This premium grooming tool transforms routine maintenance into a five-star sensory experience. The ultimate indulgence for the well-groomed canine who dema...,Animals & Pet Supplies > Pet Supplies > Dog Supplies,https://www.aliexpress.us/item/3256809902852618.html,4.34,active
the-waldorf-plush-terry-spa-bathrobe,The Waldorf Plush Terry Spa Bathrobe,This professional aromatherapy diffuser for the pet spa creates a calming environment with scents specifically formulated for the canine olfactory system. A five-star sensory experience.,Pawché,,The Spa,"Pawché Luxury, Spa, Wellness, Grooming, Spa",TRUE,Size,One Size,,,,,3256810099106052,0,shopify,100,continue,manual,29.99,,TRUE,TRUE,,https://tmpfiles.org/dl/wtwJ6LAcSl2X/the-waldorf-plush-terry-spa-bathrobe.png,1,The Waldorf Plush Terry Spa Bathrobe - Pawché Luxury Pet Collection,FALSE,The Waldorf Plush Terry Spa Bathrobe | Pawché Luxury Dog Lifestyle,This professional aromatherapy diffuser for the pet spa creates a calming environment with scents specifically formulated for the canine olfactory system....,Animals & Pet Supplies > Pet Supplies > Dog Supplies,https://www.aliexpress.us/item/3256810099106052.html,4.29,active
the-savoy-hooded-wearable-spa-robe,The Savoy Hooded Wearable Spa Robe,"This professional-grade grooming station is a statement piece for the high-end home spa, offering both functionality and unparalleled aesthetics. A masterclass in canine care.",Pawché,,The Spa,"Pawché Luxury, Spa, Wellness, Grooming, Spa",TRUE,Size,One Size,,,,,3256810165808445,0,shopify,100,continue,manual,29.99,,TRUE,TRUE,,https://tmpfiles.org/dl/wlwE6PAySjGd/the-savoy-hooded-wearable-spa-robe.png,1,The Savoy Hooded Wearable Spa Robe - Pawché Luxury Pet Collection,FALSE,The Savoy Hooded Wearable Spa Robe | Pawché Luxury Dog Lifestyle,"This professional-grade grooming station is a statement piece for the high-end home spa, offering both functionality and unparalleled aesthetics. A masterc...",Animals & Pet Supplies > Pet Supplies > Dog Supplies,https://www.aliexpress.us/item/3256810165808445.html,4.88,active
the-baby-plush-hooded-puppy-spa-wrap,The Baby-Plush Hooded Puppy Spa Wrap,"This professional-grade tool from The Spa collection is meticulously formulated for precision and ease, providing a salon-quality experience. It ensures your companion remains radiant and refined.",Pawché,,The Spa,"Pawché Luxury, Spa, Wellness, Grooming, Spa",TRUE,Size,One Size,,,,,2255800035707561,0,shopify,100,continue,manual,29.99,,TRUE,TRUE,,https://tmpfiles.org/dl/wtwl64AxSLEc/the-baby-plush-hooded-puppy-spa-wrap.png,1,The Baby-Plush Hooded Puppy Spa Wrap - Pawché Luxury Pet Collection,FALSE,The Baby-Plush Hooded Puppy Spa Wrap | Pawché Luxury Dog Lifestyle,"This professional-grade tool from The Spa collection is meticulously formulated for precision and ease, providing a salon-quality experience. It ensures yo...",Animals & Pet Supplies > Pet Supplies > Dog Supplies,https://www.aliexpress.us/item/2255800035707561.html,0.99,active
the-signature-pastel-microfiber-spa-collection,The Signature Pastel Microfiber Spa Collection,"This premium nail care set features stainless steel tools and a professional finish, ensuring paws are as well-maintained as the wardrobe. A ritual of restoration for the refined pet.",Pawché,,The Spa,"Pawché Luxury, Spa, Wellness, Grooming, Spa",TRUE,Size,One Size,,,,,3256805263056817,0,shopify,100,continue,manual,29.99,,TRUE,TRUE,,https://tmpfiles.org/dl/wFw268AwSZma/the-signature-pastel-microfiber-spa-collection.png,1,The Signature Pastel Microfiber Spa Collection - Pawché Luxury Pet Collection,FALSE,The Signature Pastel Microfiber Spa Collection | Pawché Luxury Dog Lifestyle,"This premium nail care set features stainless steel tools and a professional finish, ensuring paws are as well-maintained as the wardrobe. A ritual of rest...",Animals & Pet Supplies > Pet Supplies > Dog Supplies,https://www.aliexpress.us/item/3256805263056817.html,6.16,active
the-adjustable-gilded-trim-spa-bathrobe,The Adjustable Gilded-Trim Spa Bathrobe,"This plush spa robe offers a haven of softness following a restorative bath, designed with a sophisticated silhouette and premium fabric. A ritual of relaxation for the refined companion.",Pawché,,The Spa,"Pawché Luxury, Spa, Wellness, Grooming, Spa",TRUE,Size,One Size,,,,,3256806674346193,0,shopify,100,continue,manual,29.99,,TRUE,TRUE,,https://tmpfiles.org/dl/wTwC66AYSnh3/the-adjustable-gilded-trim-spa-bathrobe.png,1,The Adjustable Gilded-Trim Spa Bathrobe - Pawché Luxury Pet Collection,FALSE,The Adjustable Gilded-Trim Spa Bathrobe | Pawché Luxury Dog Lifestyle,"This plush spa robe offers a haven of softness following a restorative bath, designed with a sophisticated silhouette and premium fabric. A ritual of relax...",Animals & Pet Supplies > Pet Supplies > Dog Supplies,https://www.aliexpress.us/item/3256806674346193.html,0.99,active
the-express-dry-luxury-pet-washrobe,The Express-Dry Luxury Pet Washrobe,"This The Express-Dry Luxury Pet Washrobe is a singular addition to the The Spa collection, offering unparalleled style and comfort. Truly a bespoke piece for the discerning pet.",Pawché,,The Spa,"Pawché Luxury, Spa, Wellness, Grooming, Spa",TRUE,Size,One Size,,,,,3256810078759269,0,shopify,100,continue,manual,29.99,,TRUE,TRUE,,https://tmpfiles.org/dl/wAwr6gAQSxkw/the-express-dry-luxury-pet-washrobe.png,1,The Express-Dry Luxury Pet Washrobe - Pawché Luxury Pet Collection,FALSE,The Express-Dry Luxury Pet Washrobe | Pawché Luxury Dog Lifestyle,"This The Express-Dry Luxury Pet Washrobe is a singular addition to the The Spa collection, offering unparalleled style and comfort. Truly a bespoke piece f...",Animals & Pet Supplies > Pet Supplies > Dog Supplies,https://www.aliexpress.us/item/3256810078759269.html,0.99,active
the-skin-friendly-absorbent-ritual-towel,The Skin-Friendly Absorbent Ritual Towel,"This The Skin-Friendly Absorbent Ritual Towel is a singular addition to the The Spa collection, offering unparalleled style and comfort. Truly a bespoke piece for the discerning pet.",Pawché,,The Spa,"Pawché Luxury, Spa, Wellness, Grooming, Spa",TRUE,Size,One Size,,,,,3256812005158663,0,shopify,100,continue,manual,29.99,,TRUE,TRUE,,https://tmpfiles.org/dl/wHwf6lAISuPx/the-skin-friendly-absorbent-ritual-towel.png,1,The Skin-Friendly Absorbent Ritual Towel - Pawché Luxury Pet Collection,FALSE,The Skin-Friendly Absorbent Ritual Towel | Pawché Luxury Dog Lifestyle,"This The Skin-Friendly Absorbent Ritual Towel is a singular addition to the The Spa collection, offering unparalleled style and comfort. Truly a bespoke pi...",Animals & Pet Supplies > Pet Supplies > Dog Supplies,https://www.aliexpress.us/item/3256812005158663.html,3.52,active
the-elite-velvet-touch-quick-dry-spa-wrap,The Elite Velvet-Touch Quick-Dry Spa Wrap,"This The Elite Velvet-Touch Quick-Dry Spa Wrap is a singular addition to the The Spa collection, offering unparalleled style and comfort. Truly a bespoke piece for the discerning pet.",Pawché,,The Spa,"Pawché Luxury, Spa, Wellness, Grooming, Spa",TRUE,Size,One Size,,,,,3256809786812583,0,shopify,100,continue,manual,29.99,,TRUE,TRUE,,https://tmpfiles.org/dl/wCwA6uADSeqE/the-elite-velvet-touch-quick-dry-spa-wrap.png,1,The Elite Velvet-Touch Quick-Dry Spa Wrap - Pawché Luxury Pet Collection,FALSE,The Elite Velvet-Touch Quick-Dry Spa Wrap | Pawché Luxury Dog Lifestyle,"This The Elite Velvet-Touch Quick-Dry Spa Wrap is a singular addition to the The Spa collection, offering unparalleled style and comfort. Truly a bespoke p...",Animals & Pet Supplies > Pet Supplies > Dog Supplies,https://www.aliexpress.us/item/3256809786812583.html,0.99,active
the-spa-day-plush-slipper-set-canine-edition,The Spa-Day Plush Slipper Set (Canine Edition),"Meticulously detailed and undeniably elegant, this design allows for a coordinated display of style and sophistication. It bridges the gap between high-fashion and canine couture beautifully.

**Size & Fit:** Designed for a tailored silhouette. Please refer to our size guide to ensure the perfect fit for your companion's unique proportions.",Pawché,,The Wardrobe,"Pawché Luxury, Spa, Wellness, Grooming, Spa",TRUE,Size,One Size,,,,,3256806793438986,0,shopify,100,continue,manual,29.99,,TRUE,TRUE,,https://tmpfiles.org/dl/wlwG6SAZSPNr/the-spa-day-plush-slipper-set-canine-edition.png,1,The Spa-Day Plush Slipper Set (Canine Edition) - Pawché Luxury Pet Collection,FALSE,The Spa-Day Plush Slipper Set (Canine Edition) | Pawché Luxury Dog Lifestyle,"Meticulously detailed and undeniably elegant, this design allows for a coordinated display of style and sophistication. It bridges the gap between high-fas...",Animals & Pet Supplies > Pet Supplies > Dog Supplies,https://www.aliexpress.us/item/3256806793438986.html,9.99,active
the-high-density-microfiber-after-bath-suit,The High-Density Microfiber After-Bath Suit,"This The High-Density Microfiber After-Bath Suit is a singular addition to the The Spa collection, offering unparalleled style and comfort. Truly a bespoke piece for the discerning pet.",Pawché,,The Spa,"Pawché Luxury, Spa, Wellness, Grooming, Spa",TRUE,Size,One Size,,,,,3256809212051486,0,shopify,100,continue,manual,34.74,,TRUE,TRUE,,https://tmpfiles.org/dl/wUwb6yA6SIxH/the-high-density-microfiber-after-bath-suit.png,1,The High-Density Microfiber After-Bath Suit - Pawché Luxury Pet Collection,FALSE,The High-Density Microfiber After-Bath Suit | Pawché Luxury Dog Lifestyle,"This The High-Density Microfiber After-Bath Suit is a singular addition to the The Spa collection, offering unparalleled style and comfort. Truly a bespoke...",Animals & Pet Supplies > Pet Supplies > Dog Supplies,https://www.aliexpress.us/item/3256809212051486.html,11.58,active
the-silk-touch-wellness-sleep-mask,The Silk-Touch Wellness Sleep Mask,"This The Silk-Touch Wellness Sleep Mask is a singular addition to the The Sleep Suite collection, offering unparalleled style and comfort. Truly a bespoke piece for the discerning pet.",Pawché,,The Sleep Suite,"Pawché Luxury, Spa, Wellness, Grooming, Spa",TRUE,Size,One Size,,,,,3256806763270713,0,shopify,100,continue,manual,19.99,,TRUE,TRUE,,https://tmpfiles.org/dl/wXwI6KAlS2pe/the-silk-touch-wellness-sleep-mask.png,1,The Silk-Touch Wellness Sleep Mask - Pawché Luxury Pet Collection,FALSE,The Silk-Touch Wellness Sleep Mask | Pawché Luxury Dog Lifestyle,"This The Silk-Touch Wellness Sleep Mask is a singular addition to the The Sleep Suite collection, offering unparalleled style and comfort. Truly a bespoke...",Animals & Pet Supplies > Pet Supplies > Dog Supplies,https://www.aliexpress.us/item/3256806763270713.html,6.66,active
the-sterling-gilded-leather-harness-suite,The Sterling Gilded Leather Harness Suite,"This silk bandana set features patterns inspired by the world's most iconic fashion houses, adding a touch of editorial flair to any ensemble. A versatile and elegant accessory.

**Size & Fit:** Designed for a tailored silhouette. Please refer to our size guide to ensure the perfect fit for your companion's unique proportions.",Pawché,,The Accessory Bar,"Pawché Luxury, Accessory Bar, Wearable, Couture, New Arrivals",TRUE,Size,One Size,,,,,3256807329754758,0,shopify,100,continue,manual,29.99,,TRUE,TRUE,,https://tmpfiles.org/dl/wowq6dA9CAwq/the-sterling-gilded-leather-harness-suite.png,1,The Sterling Gilded Leather Harness Suite - Pawché Luxury Pet Collection,FALSE,The Sterling Gilded Leather Harness Suite | Pawché Luxury Dog Lifestyle,"This silk bandana set features patterns inspired by the world's most iconic fashion houses, adding a touch of editorial flair to any ensemble. A versatile...",Animals & Pet Supplies > Pet Supplies > Dog Supplies,https://www.aliexpress.us/item/3256807329754758.html,0.99,active
the-gladiator-studded-leather-trinity-set,The Gladiator Studded Leather Trinity Set,"This designer vest offers a masterclass in seasonal layering, featuring a lightweight yet warm construction and a high-fashion silhouette. The perfect acquisition for the stylish pet during cooler months.

**Size & Fit:** Designed for a tailored silhouette. Please refer to our size guide to ensure the perfect fit for your companion's unique proportions.",Pawché,,The Wardrobe,"Pawché Luxury, Accessory Bar, Wearable, Couture",TRUE,Size,One Size,,,,,3256808664207539,0,shopify,100,continue,manual,85.98,,TRUE,TRUE,,https://tmpfiles.org/dl/wJwi6RAzCOVl/the-gladiator-studded-leather-trinity-set.png,1,The Gladiator Studded Leather Trinity Set - Pawché Luxury Pet Collection,FALSE,The Gladiator Studded Leather Trinity Set | Pawché Luxury Dog Lifestyle,"This designer vest offers a masterclass in seasonal layering, featuring a lightweight yet warm construction and a high-fashion silhouette. The perfect acqu...",Animals & Pet Supplies > Pet Supplies > Dog Supplies,https://www.aliexpress.us/item/3256808664207539.html,28.66,active
the-heritage-hand-stitched-leather-set,The Heritage Hand-Stitched Leather Set,"This The Heritage Hand-Stitched Leather Set is a singular addition to the The Wardrobe collection, offering unparalleled style and comfort. Truly a bespoke piece for the discerning pet.

**Size & Fit:** Designed for a tailored silhouette. Please refer to our size guide to ensure the perfect fit for your companion's unique proportions.",Pawché,,The Wardrobe,"Pawché Luxury, Accessory Bar, Wearable, Couture",TRUE,Size,One Size,,,,,3256807442086431,0,shopify,100,continue,manual,29.99,,TRUE,TRUE,,https://tmpfiles.org/dl/wXwf6PA0C0Aw/the-heritage-hand-stitched-leather-set.png,1,The Heritage Hand-Stitched Leather Set - Pawché Luxury Pet Collection,FALSE,The Heritage Hand-Stitched Leather Set | Pawché Luxury Dog Lifestyle,"This The Heritage Hand-Stitched Leather Set is a singular addition to the The Wardrobe collection, offering unparalleled style and comfort. Truly a bespoke...",Animals & Pet Supplies > Pet Supplies > Dog Supplies,https://www.aliexpress.us/item/3256807442086431.html,5.76,active
the-executive-genuine-nappa-leather-suite,The Executive Genuine Nappa Leather Suite,"The Zenith Bamboo Dining Pavilion transforms every meal into a celebrated event, featuring a minimalist aesthetic and superior construction. Redefining the dining area for the four-legged epicurean.",Pawché,,Bowls & Kitchen,"Pawché Luxury, Accessory Bar, Wearable, Couture",TRUE,Size,One Size,,,,,3256802296903670,0,shopify,100,continue,manual,32.55,,TRUE,TRUE,,https://tmpfiles.org/dl/wOwy62AbC8eG/the-executive-genuine-nappa-leather-suite.png,1,The Executive Genuine Nappa Leather Suite - Pawché Luxury Pet Collection,FALSE,The Executive Genuine Nappa Leather Suite | Pawché Luxury Dog Lifestyle,"The Zenith Bamboo Dining Pavilion transforms every meal into a celebrated event, featuring a minimalist aesthetic and superior construction. Redefining the...",Animals & Pet Supplies > Pet Supplies > Dog Supplies,https://www.aliexpress.us/item/3256802296903670.html,10.85,active
the-manhattan-nylon-leather-fusion-set,The Manhattan Nylon & Leather Fusion Set,"Redefining the afternoon stroll, this luxury velvet accent adds a touch of formal elegance. It is a finishing touch that defines the canine look and ensures your pet is the best-dressed.

**Size & Fit:** Designed for a tailored silhouette. Please refer to our size guide to ensure the perfect fit for your companion's unique proportions.",Pawché,,The Accessory Bar,"Pawché Luxury, Accessory Bar, Wearable, Couture",TRUE,Size,One Size,,,,,3256804090570567,0,shopify,100,continue,manual,40.71,,TRUE,TRUE,,https://tmpfiles.org/dl/wkwu6YAZCvfP/the-manhattan-nylon-leather-fusion-set.png,1,The Manhattan Nylon & Leather Fusion Set - Pawché Luxury Pet Collection,FALSE,The Manhattan Nylon & Leather Fusion Set | Pawché Luxury Dog Lifestyle,"Redefining the afternoon stroll, this luxury velvet accent adds a touch of formal elegance. It is a finishing touch that defines the canine look and ensure...",Animals & Pet Supplies > Pet Supplies > Dog Supplies,https://www.aliexpress.us/item/3256804090570567.html,13.57,active
the-imperial-wide-band-riveted-leather-collar,The Imperial Wide-Band Riveted Leather Collar,"This artisan piece is the pinnacle of personalized luxury, featuring confident and timeless aesthetics. Each detail is refined to ensure your companion leads where others follow.

**Size & Fit:** Designed for a tailored silhouette. Please refer to our size guide to ensure the perfect fit for your companion's unique proportions.",Pawché,,The Accessory Bar,"Pawché Luxury, Accessory Bar, Wearable, Couture",TRUE,Size,One Size,,,,,3256809157880023,0,shopify,100,continue,manual,111.03,,TRUE,TRUE,,https://tmpfiles.org/dl/wZwu6QAxCng7/the-imperial-wide-band-riveted-leather-collar.png,1,The Imperial Wide-Band Riveted Leather Collar - Pawché Luxury Pet Collection,FALSE,The Imperial Wide-Band Riveted Leather Collar | Pawché Luxury Dog Lifestyle,"This artisan piece is the pinnacle of personalized luxury, featuring confident and timeless aesthetics. Each detail is refined to ensure your companion lea...",Animals & Pet Supplies > Pet Supplies > Dog Supplies,https://www.aliexpress.us/item/3256809157880023.html,37.01,active
the-vintage-double-d-heritage-leather-collar,The Vintage Double-D Heritage Leather Collar,"This spiked obsidian piece offers a 'Rock-Star' aesthetic for the bold companion, combining avant-garde design with unparalleled durability. A sophisticated statement for the modern dog.

**Size & Fit:** Designed for a tailored silhouette. Please refer to our size guide to ensure the perfect fit for your companion's unique proportions.",Pawché,,The Accessory Bar,"Pawché Luxury, Accessory Bar, Wearable, Couture",TRUE,Size,One Size,,,,,2255800061609627,0,shopify,100,continue,manual,57.33,,TRUE,TRUE,,https://tmpfiles.org/dl/wgwI6TA6Ct6L/the-vintage-double-d-heritage-leather-collar.png,1,The Vintage Double-D Heritage Leather Collar - Pawché Luxury Pet Collection,FALSE,The Vintage Double-D Heritage Leather Collar | Pawché Luxury Dog Lifestyle,"This spiked obsidian piece offers a 'Rock-Star' aesthetic for the bold companion, combining avant-garde design with unparalleled durability. A sophisticate...",Animals & Pet Supplies > Pet Supplies > Dog Supplies,https://www.aliexpress.us/item/2255800061609627.html,19.11,active
the-rock-star-spiked-obsidian-leather-collar,The Rock-Star Spiked Obsidian Leather Collar,"This vintage-inspired piece features a heritage finish, evoking a sense of timeless elegance and craftsmanship. An essential details piece for a life lived beautifully.

**Size & Fit:** Designed for a tailored silhouette. Please refer to our size guide to ensure the perfect fit for your companion's unique proportions.",Pawché,,The Accessory Bar,"Pawché Luxury, Accessory Bar, Wearable, Couture",TRUE,Size,One Size,,,,,3256804113619876,0,shopify,100,continue,manual,29.99,,TRUE,TRUE,,https://tmpfiles.org/dl/wiwu6KAFCRou/the-rock-star-spiked-obsidian-leather-collar.png,1,The Rock-Star Spiked Obsidian Leather Collar - Pawché Luxury Pet Collection,FALSE,The Rock-Star Spiked Obsidian Leather Collar | Pawché Luxury Dog Lifestyle,"This vintage-inspired piece features a heritage finish, evoking a sense of timeless elegance and craftsmanship. An essential details piece for a life lived...",Animals & Pet Supplies > Pet Supplies > Dog Supplies,https://www.aliexpress.us/item/3256804113619876.html,1.89,active
the-comfort-cushion-padded-nappa-collar,The Comfort-Cushion Padded Nappa Collar,"Meticulously detailed to reflect a life lived beautifully, this walking set features braided accents and gold-toned hardware. The pinnacle of elegance for the discerning pet owner.

**Size & Fit:** Designed for a tailored silhouette. Please refer to our size guide to ensure the perfect fit for your companion's unique proportions.",Pawché,,The Accessory Bar,"Pawché Luxury, Accessory Bar, Wearable, Couture",TRUE,Size,One Size,,,,,3256808638260434,0,shopify,100,continue,manual,29.99,,TRUE,TRUE,,https://tmpfiles.org/dl/wuwH62AeChZs/the-comfort-cushion-padded-nappa-collar.png,1,The Comfort-Cushion Padded Nappa Collar - Pawché Luxury Pet Collection,FALSE,The Comfort-Cushion Padded Nappa Collar | Pawché Luxury Dog Lifestyle,"Meticulously detailed to reflect a life lived beautifully, this walking set features braided accents and gold-toned hardware. The pinnacle of elegance for...",Animals & Pet Supplies > Pet Supplies > Dog Supplies,https://www.aliexpress.us/item/3256808638260434.html,0.99,active
the-signature-padded-leather-walking-set,The Signature Padded Leather Walking Set,"This The Signature Padded Leather Walking Set is a singular addition to the The Wardrobe collection, offering unparalleled style and comfort. Truly a bespoke piece for the discerning pet.

**Size & Fit:** Designed for a tailored silhouette. Please refer to our size guide to ensure the perfect fit for your companion's unique proportions.",Pawché,,The Wardrobe,"Pawché Luxury, Accessory Bar, Wearable, Couture",TRUE,Size,One Size,,,,,3256807203925166,0,shopify,100,continue,manual,29.99,,TRUE,TRUE,,https://tmpfiles.org/dl/wfwv62ApCoM6/the-signature-padded-leather-walking-set.png,1,The Signature Padded Leather Walking Set - Pawché Luxury Pet Collection,FALSE,The Signature Padded Leather Walking Set | Pawché Luxury Dog Lifestyle,"This The Signature Padded Leather Walking Set is a singular addition to the The Wardrobe collection, offering unparalleled style and comfort. Truly a bespo...",Animals & Pet Supplies > Pet Supplies > Dog Supplies,https://www.aliexpress.us/item/3256807203925166.html,5.1,active
the-visionary-smart-refresh-station,The Visionary Smart Refresh Station,The Floating Reservoir Dining Suite redefines the culinary experience with a suspended design that maximizes style. A masterclass in functional elegance for the discerning home.,Pawché,,Bowls & Kitchen,"Pawché Luxury, Bowls & Kitchen, Dining, Kitchen, New Arrivals",TRUE,Size,One Size,,,,,3256809922322108,0,shopify,100,continue,manual,134.73,,TRUE,TRUE,,https://tmpfiles.org/dl/wxwD6CApC2Uo/the-visionary-smart-refresh-station.png,1,The Visionary Smart Refresh Station - Pawché Luxury Pet Collection,FALSE,The Visionary Smart Refresh Station | Pawché Luxury Dog Lifestyle,The Floating Reservoir Dining Suite redefines the culinary experience with a suspended design that maximizes style. A masterclass in functional elegance fo...,Animals & Pet Supplies > Pet Supplies > Dog Supplies,https://www.aliexpress.us/item/3256809922322108.html,44.91,active
the-brasserie-stainless-dining-set,The Brasserie Stainless Dining Set,"This The Brasserie Stainless Dining Set is a singular addition to the The Wardrobe collection, offering unparalleled style and comfort. Truly a bespoke piece for the discerning pet.

**Size & Fit:** Designed for a tailored silhouette. Please refer to our size guide to ensure the perfect fit for your companion's unique proportions.",Pawché,,The Wardrobe,"Pawché Luxury, Bowls & Kitchen, Dining, Kitchen",TRUE,Size,One Size,,,,,3256807980894207,0,shopify,100,continue,manual,69.78,,TRUE,TRUE,,https://tmpfiles.org/dl/w0wB6DA6CfLY/the-brasserie-stainless-dining-set.png,1,The Brasserie Stainless Dining Set - Pawché Luxury Pet Collection,FALSE,The Brasserie Stainless Dining Set | Pawché Luxury Dog Lifestyle,"This The Brasserie Stainless Dining Set is a singular addition to the The Wardrobe collection, offering unparalleled style and comfort. Truly a bespoke pie...",Animals & Pet Supplies > Pet Supplies > Dog Supplies,https://www.aliexpress.us/item/3256807980894207.html,23.26,active
the-zenith-bamboo-dining-pavilion,The Zenith Bamboo Dining Pavilion,"The Gilded Bespoke Dining Chalice is a celebratory event for the senses, featuring radiant finishes and laser-etched details. It elevates the daily ritual of dining to an epicurean standard.",Pawché,,Bowls & Kitchen,"Pawché Luxury, Bowls & Kitchen, Dining, Kitchen",TRUE,Size,One Size,,,,,3256811595122597,0,shopify,100,continue,manual,42.96,,TRUE,TRUE,,https://tmpfiles.org/dl/wnwC6PASCh7z/the-zenith-bamboo-dining-pavilion.png,1,The Zenith Bamboo Dining Pavilion - Pawché Luxury Pet Collection,FALSE,The Zenith Bamboo Dining Pavilion | Pawché Luxury Dog Lifestyle,"The Gilded Bespoke Dining Chalice is a celebratory event for the senses, featuring radiant finishes and laser-etched details. It elevates the daily ritual...",Animals & Pet Supplies > Pet Supplies > Dog Supplies,https://www.aliexpress.us/item/3256811595122597.html,14.32,active
the-crystalline-hydration-sanctuary,The Crystalline Hydration Sanctuary,"This crystal-pure hydration station offers continuous flow and a refined aesthetic, ensuring the freshest hydration possible. A testament to the art of the canine lifestyle.",Pawché,,Bowls & Kitchen,"Pawché Luxury, Bowls & Kitchen, Dining, Kitchen",TRUE,Size,One Size,,,,,3256806982124324,0,shopify,100,continue,manual,29.99,,TRUE,TRUE,,https://tmpfiles.org/dl/w0wQ6BALCiHs/the-crystalline-hydration-sanctuary.png,1,The Crystalline Hydration Sanctuary - Pawché Luxury Pet Collection,FALSE,The Crystalline Hydration Sanctuary | Pawché Luxury Dog Lifestyle,"This crystal-pure hydration station offers continuous flow and a refined aesthetic, ensuring the freshest hydration possible. A testament to the art of the...",Animals & Pet Supplies > Pet Supplies > Dog Supplies,https://www.aliexpress.us/item/3256806982124324.html,8.31,active
the-carrara-ceramic-dining-pavilion,The Carrara Ceramic Dining Pavilion,"The Indestructible Elevated Dining Suite (Marble Edition) features a heavy-duty frame and stunning inserts, providing a haven of style. Redefining the pet culinary experience.",Pawché,,Bowls & Kitchen,"Pawché Luxury, Bowls & Kitchen, Dining, Kitchen",TRUE,Size,One Size,,,,,3256803556595942,0,shopify,100,continue,manual,45.24,,TRUE,TRUE,,https://tmpfiles.org/dl/wAwk6EARC9T4/the-carrara-ceramic-dining-pavilion.png,1,The Carrara Ceramic Dining Pavilion - Pawché Luxury Pet Collection,FALSE,The Carrara Ceramic Dining Pavilion | Pawché Luxury Dog Lifestyle,"The Indestructible Elevated Dining Suite (Marble Edition) features a heavy-duty frame and stunning inserts, providing a haven of style. Redefining the pet...",Animals & Pet Supplies > Pet Supplies > Dog Supplies,https://www.aliexpress.us/item/3256803556595942.html,15.08,active
the-floating-reservoir-dining-suite,The Floating Reservoir Dining Suite,"The Visionary Smart Refresh Station uses AI-powered technology to ensure your pet is always cared for, blending innovation with high-end aesthetics. A masterpiece of canine engineering.",Pawché,,Bowls & Kitchen,"Pawché Luxury, Bowls & Kitchen, Dining, Kitchen",TRUE,Size,One Size,,,,,3256806375613612,0,shopify,100,continue,manual,51.12,,TRUE,TRUE,,https://tmpfiles.org/dl/wNw36kAYCzdw/the-floating-reservoir-dining-suite.png,1,The Floating Reservoir Dining Suite - Pawché Luxury Pet Collection,FALSE,The Floating Reservoir Dining Suite | Pawché Luxury Dog Lifestyle,"The Visionary Smart Refresh Station uses AI-powered technology to ensure your pet is always cared for, blending innovation with high-end aesthetics. A mast...",Animals & Pet Supplies > Pet Supplies > Dog Supplies,https://www.aliexpress.us/item/3256806375613612.html,17.04,active
the-gilded-bespoke-dining-chalice,The Gilded Bespoke Dining Chalice,"The Indestructible Elevated Dining Suite is as resilient as it is visually stunning, designed for the pet who demands high-performance luxury. A centerpiece of the modern canine kitchen.",Pawché,,Bowls & Kitchen,"Pawché Luxury, Bowls & Kitchen, Dining, Kitchen",TRUE,Size,One Size,,,,,3256807497448879,0,shopify,100,continue,manual,78.30,,TRUE,TRUE,,https://tmpfiles.org/dl/wuwf65ALC3Xh/the-gilded-bespoke-dining-chalice.png,1,The Gilded Bespoke Dining Chalice - Pawché Luxury Pet Collection,FALSE,The Gilded Bespoke Dining Chalice | Pawché Luxury Dog Lifestyle,"The Indestructible Elevated Dining Suite is as resilient as it is visually stunning, designed for the pet who demands high-performance luxury. A centerpiec...",Animals & Pet Supplies > Pet Supplies > Dog Supplies,https://www.aliexpress.us/item/3256807497448879.html,26.1,active
the-cascade-stainless-hydration-system,The Cascade Stainless Hydration System,"The Zenith Bamboo Dining Pavilion (Pro Edition) features an adjustable height and a minimalist design, providing a sanctuary of epicurean style. A statement station for the modern home.",Pawché,,Bowls & Kitchen,"Pawché Luxury, Bowls & Kitchen, Dining, Kitchen",TRUE,Size,One Size,,,,,3256808499198774,0,shopify,100,continue,manual,166.53,,TRUE,TRUE,,https://tmpfiles.org/dl/wlww6PAFCXWP/the-cascade-stainless-hydration-system.png,1,The Cascade Stainless Hydration System - Pawché Luxury Pet Collection,FALSE,The Cascade Stainless Hydration System | Pawché Luxury Dog Lifestyle,"The Zenith Bamboo Dining Pavilion (Pro Edition) features an adjustable height and a minimalist design, providing a sanctuary of epicurean style. A statemen...",Animals & Pet Supplies > Pet Supplies > Dog Supplies,https://www.aliexpress.us/item/3256808499198774.html,55.51,active
the-indestructible-elevated-dining-suite,The Indestructible Elevated Dining Suite,The Sovereign Automatic Hydration Fountain features a sleek design that ensures a constant supply of pure water in a stunning aesthetic. A celebratory event for the senses.,Pawché,,Bowls & Kitchen,"Pawché Luxury, Bowls & Kitchen, Dining, Kitchen",TRUE,Size,One Size,,,,,3256811964912768,0,shopify,100,continue,manual,30.87,,TRUE,TRUE,,https://tmpfiles.org/dl/wQwQ6WA4Cf5I/the-indestructible-elevated-dining-suite.png,1,The Indestructible Elevated Dining Suite - Pawché Luxury Pet Collection,FALSE,The Indestructible Elevated Dining Suite | Pawché Luxury Dog Lifestyle,The Sovereign Automatic Hydration Fountain features a sleek design that ensures a constant supply of pure water in a stunning aesthetic. A celebratory even...,Animals & Pet Supplies > Pet Supplies > Dog Supplies,https://www.aliexpress.us/item/3256811964912768.html,10.29,active
the-sovereign-automatic-hydration-fountain,The Sovereign Automatic Hydration Fountain,"The Floating Reservoir Dining Suite (Pro) features an expanded capacity and a sleek metallic finish, providing an epicurean station that redefines the dining area.",Pawché,,Bowls & Kitchen,"Pawché Luxury, Bowls & Kitchen, Dining, Kitchen",TRUE,Size,One Size,,,,,3256808854992903,0,shopify,100,continue,manual,29.99,,TRUE,TRUE,,https://tmpfiles.org/dl/wCwK6BAJCb0r/the-sovereign-automatic-hydration-fountain.png,1,The Sovereign Automatic Hydration Fountain - Pawché Luxury Pet Collection,FALSE,The Sovereign Automatic Hydration Fountain | Pawché Luxury Dog Lifestyle,"The Floating Reservoir Dining Suite (Pro) features an expanded capacity and a sleek metallic finish, providing an epicurean station that redefines the dini...",Animals & Pet Supplies > Pet Supplies > Dog Supplies,https://www.aliexpress.us/item/3256808854992903.html,7.37,active
the-epicurean-smart-dining-station,The Epicurean Smart Dining Station,"The Brasserie Stainless Dining Set offers a classic look and superior durability, featuring a polished finish that reflects the light. Transforms every meal into an event of delight.",Pawché,,Bowls & Kitchen,"Pawché Luxury, Bowls & Kitchen, Dining, Kitchen",TRUE,Size,One Size,,,,,3256811576317067,0,shopify,100,continue,manual,212.82,,TRUE,TRUE,,https://tmpfiles.org/dl/w8w560A1CwyA/the-epicurean-smart-dining-station.png,1,The Epicurean Smart Dining Station - Pawché Luxury Pet Collection,FALSE,The Epicurean Smart Dining Station | Pawché Luxury Dog Lifestyle,"The Brasserie Stainless Dining Set offers a classic look and superior durability, featuring a polished finish that reflects the light. Transforms every mea...",Animals & Pet Supplies > Pet Supplies > Dog Supplies,https://www.aliexpress.us/item/3256811576317067.html,70.94,active
